-- phpMyAdmin SQL Dump
-- version 4.7.4
-- https://www.phpmyadmin.net/
-- EXAMEN Alberto Ruiz IES Leonardo da Vinci

SET SQL_MODE = "NO_AUTO_VALUE_ON_ZERO";
SET AUTOCOMMIT = 0;
START TRANSACTION;
SET time_zone = "+00:00";


/*!40101 SET @OLD_CHARACTER_SET_CLIENT=@@CHARACTER_SET_CLIENT */;
/*!40101 SET @OLD_CHARACTER_SET_RESULTS=@@CHARACTER_SET_RESULTS */;
/*!40101 SET @OLD_COLLATION_CONNECTION=@@COLLATION_CONNECTION */;
/*!40101 SET NAMES utf8mb4 */;

--
-- Base de datos: `nba`
--
CREATE DATABASE IF NOT EXISTS `nba` DEFAULT CHARACTER SET utf8mb4 COLLATE utf8mb4_unicode_ci;
USE `nba`;

-- --------------------------------------------------------

--
-- Estructura de tabla para la tabla `equipos`
--

CREATE TABLE `equipos` (
  `Nombre` varchar(20) COLLATE utf8mb4_unicode_ci NOT NULL,
  `Ciudad` varchar(20) COLLATE utf8mb4_unicode_ci DEFAULT NULL,
  `Conferencia` varchar(4) COLLATE utf8mb4_unicode_ci DEFAULT NULL,
  `Division` varchar(9) COLLATE utf8mb4_unicode_ci DEFAULT NULL
) ENGINE=InnoDB DEFAULT CHARSET=utf8mb4 COLLATE=utf8mb4_unicode_ci;

--
-- Volcado de datos para la tabla `equipos`
--

INSERT INTO `equipos` (`Nombre`, `Ciudad`, `Conferencia`, `Division`) VALUES
('76ers', 'Philadelphia', 'East', 'Atlantic'),
('Bobcats', 'Charlotte', 'East', 'SouthEast'),
('Bucks', 'Milwaukee', 'East', 'Central'),
('Bulls', 'Chicago', 'East', 'Central'),
('Cavaliers', 'Cleveland', 'East', 'Central'),
('Celtics', 'Boston', 'East', 'Atlantic'),
('Clippers', 'Los Angeles', 'West', 'Pacific'),
('Grizzlies', 'Memphis', 'West', 'SouthWest'),
('Hawks', 'Atlanta', 'East', 'SouthEast'),
('Heat', 'Miami', 'East', 'SouthEast'),
('Hornets', 'New Orleans', 'West', 'SouthWest'),
('Jazz', 'Utah', 'West', 'NorthWest'),
('Kings', 'Sacramento', 'West', 'Pacific'),
('Knicks', 'New York', 'East', 'Atlantic'),
('Lakers', 'Los Angeles', 'West', 'Pacific'),
('Magic', 'Orlando', 'East', 'SouthEast'),
('Mavericks', 'Dallas', 'West', 'SouthWest'),
('Nets', 'New Jersey', 'East', 'Atlantic'),
('Nuggets', 'Denver', 'West', 'NorthWest'),
('Pacers', 'Indiana', 'East', 'Central'),
('Pistons', 'Detroit', 'East', 'Central'),
('Raptors', 'Toronto', 'East', 'Atlantic'),
('Rockets', 'Houston', 'West', 'SouthWest'),
('Spurs', 'San Antonio', 'West', 'SouthWest'),
('Suns', 'Phoenix', 'West', 'Pacific'),
('Supersonics', 'Seattle', 'West', 'NorthWest'),
('Timberwolves', 'Minnesota', 'West', 'NorthWest'),
('Trail Blazers', 'Portland', 'West', 'NorthWest'),
('Warriors', 'Golden State', 'West', 'Pacific'),
('Wizards', 'Washington', 'East', 'SouthEast');

-- --------------------------------------------------------

--
-- Estructura de tabla para la tabla `jugadores`
--

CREATE TABLE `jugadores` (
  `codigo` int(11) NOT NULL,
  `Nombre` varchar(30) COLLATE utf8mb4_unicode_ci DEFAULT NULL,
  `Procedencia` varchar(20) COLLATE utf8mb4_unicode_ci DEFAULT NULL,
  `Altura` varchar(4) COLLATE utf8mb4_unicode_ci DEFAULT NULL,
  `Peso` int(11) DEFAULT NULL,
  `Posicion` varchar(5) COLLATE utf8mb4_unicode_ci DEFAULT NULL,
  `Nombre_equipo` varchar(20) COLLATE utf8mb4_unicode_ci DEFAULT NULL
) ENGINE=InnoDB DEFAULT CHARSET=utf8mb4 COLLATE=utf8mb4_unicode_ci;

--
-- Volcado de datos para la tabla `jugadores`
--

INSERT INTO `jugadores` (`codigo`, `Nombre`, `Procedencia`, `Altura`, `Peso`, `Posicion`, `Nombre_equipo`) VALUES
(1, 'Corey Brever', 'Florida', '6-9', 185, 'F-G', 'Timberwolves'),
(2, 'Greg Buckner', 'Clemson', '6-4', 210, 'G-F', 'Timberwolves'),
(3, 'Michael Doleac', 'Utah', '6-11', 262, 'C', 'Timberwolves'),
(4, 'Randy Foye', 'Villanova', '6-4', 213, 'G', 'Timberwolves'),
(5, 'Ryan Gomes', 'Providence', '6-7', 250, 'F', 'Timberwolves'),
(6, 'Marko Jaric', 'Serbia', '6-7', 224, 'G', 'Timberwolves'),
(7, 'Al Jefferson', 'Prentiss Hs', '6-10', 265, 'C-F', 'Timberwolves'),
(8, 'Mark Madsen', 'Stanford', '6-9', 250, 'C-F', 'Timberwolves'),
(9, 'Rashard McCants', 'North Carolina', '6-4', 21, 'G', 'Timberwolves'),
(10, 'Chris Richard ', 'Florida', '6-9', 270, 'F', 'Timberwolves'),
(11, 'Craig Smith', 'Boston College', '6-8', 250, 'F-C', 'Timberwolves'),
(12, 'Kirk Snyder', 'Nevada-Reno', '6-6', 225, 'G', 'Timberwolves'),
(13, 'Sebastian Telfair', 'Abraham Lincoln HS', '6-0', 175, 'G', 'Timberwolves'),
(14, 'Antoine Walker', 'Kentucky', '6-9', 245, 'F', 'Timberwolves'),
(21, 'Elton brand', 'duke', '6-8', 254, 'F', 'Clippers'),
(22, 'Paul Davis', 'Michigan', '6-11', 270, 'c', 'Clippers'),
(23, 'Dan Dickau', 'Gonzaga', '6-0', 180, 'G', 'Clippers'),
(24, 'Nick Fazekas', 'Nevada-Reno', '6-11', 235, 'F', 'Clippers'),
(25, 'Chris Kaman', 'Central Michigan', '7-0', 265, 'C', 'Clippers'),
(26, 'Brevin Knight', 'Stanford', '5-10', 170, 'G', 'Clippers'),
(27, 'Shaun Livingston', 'Peoria Central', '6-7', 182, 'G', 'Clippers'),
(28, 'Corey Maggette', 'duke', '6-6', 225, 'F', 'Clippers'),
(29, 'Cuttino Mobley', 'Rhode Island', '6-4', 215, 'G', 'Clippers'),
(30, 'Smush Parker', 'Fordham', '6-4', 190, 'G', 'Clippers'),
(31, 'Josh Powell', 'North Carolina State', '6-9', 240, 'C-F', 'Clippers'),
(32, 'Quinton Ross', 'Southern Methodist', '6-6', 193, 'G-F', 'Clippers'),
(33, 'Tim Thomas', 'Villanova', '6-10', 240, 'F', 'Clippers'),
(34, 'al thornton', 'Florida State', '6-8', 220, 'F', 'Clippers'),
(35, 'Marcus Williams', 'Arizona', '6-7', 207, 'F', 'Clippers'),
(41, 'Andre Brown', 'De Paul', '6-9', 245, 'F', 'Grizzlies'),
(42, 'Kwame Brown', 'Glynn Academy', '6-11', 270, 'C', 'Grizzlies'),
(43, 'Brian Cardinal', 'Purdue', '6-8', 245, 'F', 'Grizzlies'),
(44, 'Jason Collins', 'Stanford', '7-0', 255, 'C-F', 'Grizzlies'),
(45, 'Mike Conley', 'Ohio State', '6-1', 180, 'G', 'Grizzlies'),
(46, 'Javaris Crittenton', 'Georgia Tech', '6-5', 200, 'G', 'Grizzlies'),
(47, 'Rudy Gay', 'Connecticut', '6-8', 222, 'F', 'Grizzlies'),
(48, 'Casey Jacobsen', 'Stanford', '6-6', 215, 'g', 'Grizzlies'),
(49, 'Kyle Lowry', 'Villanova', '6-0', 175, 'G', 'Grizzlies'),
(50, 'Aaron Mckie', 'Temple', '6-5', 209, 'G', 'Grizzlies'),
(51, 'Darko Milicic', 'Serbia Montenegro', '7-0', 275, 'C-F', 'Grizzlies'),
(52, 'Mike Miller', 'Florida', '6-8', 218, 'G-F', 'Grizzlies'),
(53, 'Juan Carlos Navarro', 'Spain', '6-3', 170, 'G', 'Grizzlies'),
(54, 'Hakim Warrick', 'Syracuse', '6-9', 215, 'F', 'Grizzlies'),
(61, 'Trevor Ariza', 'UCLA', '6-8', 210, 'F', 'Lakers'),
(62, 'Kobe Bryant', 'Lower Merion HS (PA)', '6-6', 205, 'G', 'Lakers'),
(63, 'Andrew Bynum', 'St. Joseph HS (NJ)', '7-0', 285, 'C', 'Lakers'),
(64, 'Jordan Farmar', 'UCLA', '6-2', 180, 'G', 'Lakers'),
(65, 'Derek Fisher', 'Arkansas-Little Rock', '6-1', 210, 'G', 'Lakers'),
(66, 'Pau Gasol', 'Spain', '7-0', 250, 'F-C', 'Lakers'),
(67, 'Didier Ilunga-Mbenga', 'Congo', '7-0', 255, 'C', 'Lakers'),
(68, 'Coby Karl', 'Boise State', '6-5', 215, 'G', 'Lakers'),
(69, 'Chris Mihm', 'Texas', '7-0', 265, 'C', 'Lakers'),
(70, 'Ira Newble', 'Miami(Ohia)', '6-7', 220, 'G-F', 'Lakers'),
(71, 'Lamar Odom', 'Rhode Island', '6-10', 230, 'F', 'Lakers'),
(72, 'Vladimir Radmanovic', 'Serbia Montenegro', '6-10', 235, 'F', 'Lakers'),
(73, 'Ronny Turiaf', 'Gonzaga', '6-10', 250, 'F-C', 'Lakers'),
(74, 'Sasha Vujacic', 'Slovenia', '6-7', 205, 'G', 'Lakers'),
(75, 'Luke Walton', 'Arizona', '6-8', 235, 'F', 'Lakers'),
(81, 'Andrea Bargnani', 'Italy', '7-0', 250, 'C-F', 'Raptors'),
(82, 'Maceo Baston', 'Michigan', '6-10', 230, 'C-F', 'Raptors'),
(84, 'Primoz Brezec', 'Slovenia', '7-1', 255, 'C', 'Raptors'),
(85, 'Jose Calderon', 'Spain', '6-3', 210, 'G', 'Raptors'),
(86, 'Carlos Delfino', 'Argentina', '6-6', 230, 'G', 'Raptors'),
(87, 'T.J. Ford', 'Texas', '6-0', 165, 'G', 'Raptors'),
(88, 'Jorge Garbajosa', 'Spain', '6-9', 245, 'F', 'Raptors'),
(89, 'Joey Graham', 'Oklahoma State', '6-7', 225, 'F', 'Raptors'),
(90, 'Kris Humphries', 'Minnesota', '6-9', 235, 'F', 'Raptors'),
(91, 'Linton Johnson III', 'Tulane', '6-8', 205, 'F', 'Raptors'),
(92, 'Jason Kapono', 'UCLA', '6-8', 215, 'F', 'Raptors'),
(93, 'Jamario Moon', 'Merdian CC (MS)', '6-8', 205, 'F', 'Raptors'),
(94, 'Rasho Nesterovic', 'Slovenia', '7-0', 255, 'C', 'Raptors'),
(95, 'Anthony Parker', 'Bradley', '6-6', 215, 'G-F', 'Raptors'),
(100, 'Renaldo Balkman', 'South Carolina', '6-8', 202, 'F', 'Knicks'),
(101, 'Wilson Chandler', 'DePaul', '6-8', 220, 'F', 'Knicks'),
(102, 'Mardy Collins', 'Temple', '6-6', 220, 'G', 'Knicks'),
(103, 'Jamal Crawford', 'Michigan', '6-5', 220, 'G', 'Knicks'),
(104, 'Eddy Curry', 'Thornwood HS', '6-11', 285, 'C', 'Knicks'),
(105, 'Jerome James', 'Florida AM', '7-1', 285, 'C', 'Knicks'),
(106, 'Jared Jeffries', 'Indiana', '6-11', 240, 'F', 'Knicks'),
(107, 'Fred Jones', 'Oregon', '6-2', 225, 'G', 'Knicks'),
(108, 'David Lee', 'Florida', '6-9', 240, 'F', 'Knicks'),
(109, 'Stephon Marbury', 'Georgia Tech', '6-2', 205, 'G', 'Knicks'),
(110, 'Randolph Morris', 'Kentucky', '6-11', 260, 'C', 'Knicks'),
(111, 'Zach Randolph', 'Michigan State', '6-9', 260, 'F', 'Knicks'),
(112, 'Quentin Richardson', 'DePaul', '6-6', 235, 'F-G', 'Knicks'),
(113, 'Nate Robinson', 'Washington', '5-9', 180, 'G', 'Knicks'),
(114, 'Malik Rose', 'Drexel', '6-7', 255, 'F', 'Knicks'),
(120, 'Louis Amundson', ' Nevada-Las Vegas', ' 6-9', 225, 'F', '76ers'),
(121, 'Calvin Booth', 'Penn State', '6-11', 250, 'C', '76ers'),
(122, 'Rodney Carney', 'Memphis', '6-7', 204, 'F', '76ers'),
(123, 'Samuel Dalembert', 'Seton Hall', '6-11', 250, 'C', '76ers'),
(124, 'Reggie Evans', 'Iowa', '6-8', 245, 'F', '76ers'),
(125, 'Willie Green', 'Detroit Mercy', '6-3', 201, 'G', '76ers'),
(126, 'Herbert Hill', 'Providence', '6-10', 240, 'F-C', '76ers'),
(127, 'Andre Iguodala', 'Arizona', '6-6', 207, 'F-G', '76ers'),
(128, 'Andre Miller', 'Utah', '6-2', 200, 'G', '76ers'),
(129, 'Kevin Ollie', 'Connecticut', '6-2', 195, 'G', '76ers'),
(130, 'Shavlik Randolph', 'Duke', '6-10', 240, 'F', '76ers'),
(131, 'Jason Smith', 'Colorado Sate', '7-0', 240, 'F', '76ers'),
(132, 'Louis Williams', 'South Gwinnett HS', '6-2', 175, 'G', '76ers'),
(133, 'Thaddeus Young', 'Georgio Tech', '6-8', 220, 'F', '76ers'),
(150, 'Lance Allred', 'Weber State', '6-11', 250, 'C', 'Cavaliers'),
(151, 'Devin Brown', 'Texas-San Antonio', '6-5', 210, 'G', 'Cavaliers'),
(152, 'Daniel Gibson', 'Texas', '6-2', 194, 'G', 'Cavaliers'),
(153, 'Zydrunas Ilgauskas', 'St. Vincent-St. Mary', '7-3', 260, 'C', 'Cavaliers'),
(154, 'LeBron James', 'Houston', '6-8', 250, 'F', 'Cavaliers'),
(155, 'Damon Jones', 'Saint Joseph\'s', '6-3', 195, 'G', 'Cavaliers'),
(156, 'Dwayne Jones', 'Serbia', '6-11', 251, 'C-F', 'Cavaliers'),
(157, 'Aleksandar Pavlovic', 'Maryland', '6-7', 239, 'G-F', 'Cavaliers'),
(158, 'Joe Smith', 'Michigan State', '6-10', 225, 'F-C', 'Cavaliers'),
(159, 'Eric Snow', 'Miami ', '6-3', 205, 'G', 'Cavaliers'),
(160, 'Wally Szczerbiak', 'Brazil', '6-7', 245, 'F', 'Cavaliers'),
(161, 'Anderson Varejao', 'Merdian CC (MS)', '6-10', 240, 'C-F', 'Cavaliers'),
(162, 'Ben Wallace', 'Virginia Union', '6-9', 240, 'C-F', 'Cavaliers'),
(163, 'Delonte West', 'Saint Joseph\'s', '6-3', 180, 'G', 'Cavaliers'),
(181, 'Derek Anderson', 'Kentucky', '6-5', 195, 'G', 'Bobcats'),
(182, 'Earl Boykins', 'Eastern michigan', '5-5', 133, 'G', 'Bobcats'),
(183, 'Matt Carroll', 'Notre Dame', '6-6', 212, 'G', 'Bobcats'),
(184, 'Jermareo Davidson', 'Alabama', '6-10', 230, 'F', 'Bobcats'),
(185, 'Jared Dudley', 'Boston College', '6-7', 225, 'F', 'Bobcats'),
(186, 'Raymond Felton', 'North Carolina', '6-1', 198, 'G', 'Bobcats'),
(187, 'Othella Harrington', 'Georgetown', '6-9', 235, 'F-C', 'Bobcats'),
(188, 'Ryan Hollins', 'Ucla', '7-0', 230, 'C', 'Bobcats'),
(189, 'Sean May', 'North Carolina', '6-9', 266, 'F-C', 'Bobcats'),
(190, 'Nazr Mohammed', 'Kentucky', '6-10', 250, 'C', 'Bobcats'),
(191, 'Adam Morrison', 'Gonzaga', '6-8', 205, 'F', 'Bobcats'),
(192, 'Emeka Okafor', 'Connecticut', '6-10', 255, 'F-C', 'Bobcats'),
(193, 'Jason Richardson', 'Michigan State', '6-6', 225, 'G-F', 'Bobcats'),
(194, 'Gerald Wallace', 'Alabama', '6-7', 220, 'F', 'Bobcats'),
(201, 'Charlie Bell', 'Michigan State', '6-3', 200, 'G', 'Bucks'),
(202, 'Andrew Bouqt', 'Utah', '7-0', 260, 'C', 'Bucks'),
(203, 'Dan Gadzuric', 'Ucla', '6-11', 245, 'C', 'Bucks'),
(204, 'Royal Ivey', 'Texas', '6-4', 215, 'G', 'Bucks'),
(205, 'Desmond Mason', 'Oklahoma State', '6-5', 222, 'F', 'Bucks'),
(206, 'Michael Redd', 'Ohio State', '6-6', 215, 'G', 'Bucks'),
(207, 'Michael Ruffin', 'Tulsa', '6-8', 248, 'F-C', 'Bucks'),
(208, 'Ramon Sessions', 'Nevava-Reno', '6-3', 190, 'G', 'Bucks'),
(209, 'Bobby Simmons', 'DePaul', '6-6', 230, 'F', 'Bucks'),
(210, 'Awvee Store', 'Arizona State', '6-6', 225, 'F-G', 'Bucks'),
(211, 'Charlie Villanueva', 'Connecticut', '6-11', 232, 'F', 'Bucks'),
(212, 'Jake Voskuhl', 'Connecticut', '6-11', 255, 'C', 'Bucks'),
(213, 'Mo Williams', 'Alabama', '6-1', 185, 'G', 'Bucks'),
(214, 'Yi Jianlian', 'Connecticut', '7-0', 238, 'F', 'Bucks'),
(220, 'Shannon Brown', 'Michigan State', '6-4', 211, 'G', 'Bulls'),
(221, 'JamesOn Curry', 'Oklahoma Stare', '6-3', 190, 'G', 'Bulls'),
(222, 'Luol Deng', 'Duke', '6-9', 220, 'F', 'Bulls'),
(223, 'Chris Duhon', 'Duke', '6-1', 185, 'G', 'Bulls'),
(224, 'Drew Gooden', 'Kansas', '6-10', 250, 'F', 'Bulls'),
(225, 'Ben Gordon', 'Connecticut', '6-3', 200, 'G', 'Bulls'),
(226, 'Aaron Gray', 'Pittsburgh', '7-0', 270, 'C', 'Bulls'),
(227, 'Kirk Hinrich', 'Kansas', '6-3', 190, 'G', 'Bulls'),
(228, 'Larry Hughes', 'St.Luis', '6-5', 185, 'G', 'Bulls'),
(229, 'Demetris Nichols', 'Syracuse', '6-8', 216, 'F', 'Bulls'),
(230, 'Joakin Noah', 'Florida', '6-11', 232, 'C-F', 'Bulls'),
(231, 'Andres Nocioni', 'Argentina', '6-7', 225, 'F', 'Bulls'),
(232, 'Thabo Sefolosha', 'Switzerland', '6-7', 215, 'G', 'Bulls'),
(233, 'Cedric Simmons', 'North Carolina State', '6-9', 235, 'F', 'Bulls'),
(234, 'Tyrus Thonas', 'Louisiana State', '6-9', 215, 'F', 'Bulls'),
(240, 'Ray Allen', 'Connecticut', '6-5', 205, 'G', 'Celtics'),
(241, 'Tony Allen', 'Oklahoma State', '6-4', 213, 'G', 'Celtics'),
(242, 'P.J.Brown', 'Louisiana State', '6-11', 239, 'F-C', 'Celtics'),
(243, 'Sam Cassell', 'Florida State', '6-3', 185, 'G', 'Celtics'),
(244, 'Glen Davis', 'Louisiana State', '6-9', 289, 'F', 'Celtics'),
(245, 'Kevin Garnett', 'Farragut Academy', '6-11', 220, 'F', 'Celtics'),
(246, 'Eddie House', 'Arizona State', '6-1', 175, 'G', 'Celtics'),
(247, 'Kendrick Perkins', 'Clifton J.Ozen HS', '6-10', 264, 'C', 'Celtics'),
(248, 'Paul Pierce', 'Kansas', '6-7', 230, 'F', 'Celtics'),
(249, 'Scot Pollard', 'Kansas', '6-11', 278, 'C-F', 'Celtics'),
(250, 'James Posey', 'Xavier', '6-8', 217, 'F', 'Celtics'),
(251, 'Leon Powe', 'California', '6-8', 240, 'F', 'Celtics'),
(252, 'Gabe Pruitt', 'USC', '6-4', 170, 'G', 'Celtics'),
(253, 'Rajon Rondo', 'Kentucky', '6-1', 171, 'G', 'Celtics'),
(254, 'Brian Scalabrine', 'USC', '6-9', 235, 'F-C', 'Celtics'),
(261, 'Mike Bibby', 'Arizona', '6-1', 190, 'G', 'Hawks'),
(262, 'Josh Childress', 'Stanford', '6-8', 210, 'G-F', 'Hawks'),
(263, 'Speedy Claxton', 'Hofstra', '6-1', 170, 'G', 'Hawks'),
(264, 'Al Horford', 'Florida', '6-10', 245, 'C-F', 'Hawks'),
(265, 'Joe Johnson', 'Arkansas', '6-7', 235, 'G', 'Hawks'),
(266, 'Solomon Jones', 'South Florida', '6-10', 230, 'F', 'Hawks'),
(267, 'Acie Law', 'Texas AM', '6-3', 195, 'G', 'Hawks'),
(268, 'Zaza Pachulia', 'Georgia', '6-11', 280, 'C', 'Hawks'),
(269, 'Jeremy Richardson', 'Delta State', '6-7', 195, 'G-F', 'Hawks'),
(270, 'Josh Smith', 'Oak Hill Academy', '6-9', 235, 'F', 'Hawks'),
(271, 'Salim Stoudamire', 'Arizona', '6-1', 175, 'G', 'Hawks'),
(272, 'Mario West', 'Georgia Tech', '6-5', 210, 'G', 'Hawks'),
(273, 'Marvin Williams', 'North Carolina', '6-9', 230, 'F', 'Hawks'),
(281, 'Blake Ahearn', 'Missouri State', '6-2', 190, 'G', 'Heat'),
(282, 'joel Anthony', 'Nevada-Las vegas', '6-9', 245, 'C', 'Heat'),
(283, 'Marcus Banks', 'Nevada-Las vegas', '6-2', 212, 'G', 'Heat'),
(284, 'Earl Barron', 'Memphis', '7-0', 245, 'C-F', 'Heat'),
(285, 'Mark Blount', 'Pittsburgh', '7-0', 250, 'C-F', 'Heat'),
(286, 'Daequan Cook', 'Ohio State', '6-5', 205, 'G', 'Heat'),
(287, 'Ricky Davis', 'lowa', '6-7', 250, 'F-G', 'Heat'),
(288, 'Udonis Haslem', 'Florida', '6-8', 235, 'F', 'Heat'),
(289, 'Alexander Johnson', 'Florida State', '6-9', 230, 'F', 'Heat'),
(290, 'Stephane Lasme', 'Massachusetts', '6-8', 215, 'F', 'Heat'),
(291, 'Shawn Marion', 'UNLV', '6-7', 230, 'F', 'Heat'),
(292, 'Alonzo Mourning', 'Georgetown', '6-10', 261, 'C', 'Heat'),
(293, 'Chris Quinn', 'Notre dame', '6-2', 175, 'G', 'Heat'),
(294, 'Dwyane Wade', 'Marquette', '6-4', 216, 'G', 'Heat'),
(295, 'Jason Williams', 'Florida', '6-1', 180, 'G', 'Heat'),
(296, 'Dorell Wright', 'South Kent', '6-9', 210, 'F', 'Heat'),
(300, 'Shareef Abdur-Rahim', ' California', ' 6-9', 245, 'F', 'Kings'),
(301, 'Ron Artest', 'St.Johns', '6-7', 248, 'F', 'Kings'),
(302, 'Quincy Douby', 'Rutgers', '6-3', 175, 'G', 'Kings'),
(303, 'Francisco Garcia', 'Lousiville', '6-7', 195, 'F-G', 'Kings'),
(304, 'Spencer Hawes', 'Washingtong', '7-0', 245, 'C', 'Kings'),
(305, 'Anthony Johnson', 'Charleston', '6-3', 195, 'G', 'Kings'),
(306, 'Kevin Martin', 'Western Carolina', '6-7', 185, 'G', 'Kings'),
(307, 'Brad Miller', 'Purdue', '7-0', 261, 'C', 'Kings'),
(308, 'Mikki More', 'Nebraska', '7-0', 225, 'F-C', 'Kings'),
(309, 'mike john salmons', 'Miami', '6-6', 207, 'G-F', 'Kings'),
(310, 'Keny Thomas', 'New Mexico', '6-7', 245, 'F', 'Kings'),
(311, 'Beno Udrih', 'Slovenia', '6-3', 205, 'G', 'Kings'),
(312, 'Shelden Williams', 'Duke', '6-9', 250, 'F-C', 'Kings'),
(313, 'Lorenzen Wright', 'Memphis', '6-11', 255, 'C', 'Kings'),
(314, 'Brian Scalabrine', 'USC', '6-9', 235, 'F-C', 'Kings'),
(320, 'Chris Andersen', 'Blinn Coll', '6-10', 228, 'F-C', 'Hornets'),
(321, 'Hilton Armstrong', 'Connecticut', '6-11', 235, 'C-F', 'Hornets'),
(322, 'Ryan Bowen', 'Iowa', '6-10', 218, 'F', 'Hornets'),
(323, 'Rasual Butler', 'La Salle', '6-7', 205, 'F-G', 'Hornets'),
(324, 'Tyson Chandler', 'Dominguez HS', '7-1', 235, 'C', 'Hornets'),
(325, 'Melvin Ely', 'Fresno State', '6-10', 261, 'C-F', 'Hornets'),
(326, 'Mike James', 'Duquesne', '6-2', 188, 'G', 'Hornets'),
(327, 'Jannero Pargo', 'Arkansas', '6-1', 175, 'G', 'Hornets'),
(328, 'Chris Paul', 'Wake Forest', '6-0', 175, 'G', 'Hornets'),
(329, 'Morris Peterson', 'Michigan State', '6-7', 220, 'G', 'Hornets'),
(330, 'Peja Stojakovic', 'Serbia', '6-10', 229, 'F', 'Hornets'),
(331, 'Bonzi Wells', 'Ball State', '6-5', 210, 'G-F', 'Hornets'),
(332, 'David West', 'Xavier', '6-9', 240, 'F', 'Hornets'),
(333, 'Julian Wright', 'Kansas', '6-8', 225, 'F', 'Hornets'),
(340, 'Rafer ALston', 'Fresno State', '6-2', 175, 'G', 'Rockets'),
(341, 'Shane Battier', 'Duke', '6-8', 220, 'F', 'Rockets'),
(342, 'Aaron Brooks', 'Oregon', '6-0', 161, 'G', 'Rockets'),
(343, 'Steve Francis', 'Maryland', '6-3', 210, 'G', 'Rockets'),
(344, 'Mike Harris', 'Rice', '6-6', 240, 'F', 'Rockets'),
(345, 'Chuck Hayes', 'Kentucky', '6-6', 238, 'F', 'Rockets'),
(346, 'Luther Head', 'Illinois', '6-3', 185, 'G', 'Rockets'),
(347, 'Bobby Jackson', 'Minnesota', '6-1', 185, 'G', 'Rockets'),
(348, 'Carl Landry', 'Purdue', '6-9', 248, 'F', 'Rockets'),
(349, 'Tracy McGrady', 'Mount Zion Christian', '6-8', 223, 'G', 'Rockets'),
(350, 'Dikembre Mutombo', 'Georgetown', '7-2', 260, 'C', 'Rockets'),
(351, 'Steve NOvak', 'Marquette', '6-10', 220, 'F', 'Rockets'),
(352, 'Luis Scola', 'Argentina', '6-9', 245, 'F-C', 'Rockets'),
(353, 'Loren Woods', 'Arizona', '7-2', 260, 'C', 'Rockets'),
(354, 'Yao Ming', 'China', '7-6', 310, 'C', 'Rockets'),
(361, 'Brent Barry', 'Oregon State', '6-7', 210, 'G', 'Spurs'),
(362, 'Matt Bonner', 'Florida', '6-10', 240, 'C-F', 'Spurs'),
(363, 'Bruce Bowen', 'Cal State Fullerton', '6-7', 200, 'F', 'Spurs'),
(364, 'Tim Duncan', 'Wake Forest', '6-11', 260, 'F-C', 'Spurs'),
(365, 'Michael Finley', 'Wisconsin', '6-7', 225, 'G-F', 'Spurs'),
(366, 'Manu Ginobili', 'Argentina', '6-6', 205, 'G', 'Spurs'),
(367, 'Robert Horry', 'Alabama', '6-10', 240, 'F-C', 'Spurs'),
(368, 'Bobby Jones', 'Washington', '6-7', 215, 'F', 'Spurs'),
(369, 'Ian Mahinmi', 'Frande', '6-11', 230, 'C', 'Spurs'),
(370, 'Fabricio Oberto', 'Argentina', '6-10', 245, 'C', 'Spurs'),
(371, 'Tony Parker', 'France', '6-2', 180, 'G', 'Spurs'),
(372, 'Damon Stoudamire', 'Arizona', '5-10', 171, 'G', 'Spurs'),
(373, 'Kurt Thomas', 'Texas Christian', '6-9', 235, 'C-F', 'Spurs'),
(374, 'Ime Udoka', 'Portland State', '6-5', 220, 'F', 'Spurs'),
(375, 'Jacque Vaughn', 'Kansas', '6-1', 190, 'G', 'Spurs'),
(381, 'LaMarcus Aldridge', 'Texas', '6-11', 245, 'F-C', 'Trail Blazers'),
(382, 'Steve Blake', 'Maryland', '6-3', 172, 'G', 'Trail Blazers'),
(383, 'Channing Frye', 'Arizona', '6-11', 248, 'C', 'Trail Blazers'),
(384, 'Jarrett Jack', 'Georgia Tech', '6-3', 197, 'G', 'Trail Blazers'),
(385, 'James Jones', 'Miami (Fla)', '6-8', 220, 'F', 'Trail Blazers'),
(386, 'Raef LaFremtz', 'Kansas', '6-11', 245, 'F', 'Trail Blazers'),
(387, 'Josh McRoberts', 'Duke', '6-10', 240, 'F', 'Trail Blazers'),
(388, 'Darius Miles', 'East St.Louis', '6-9', 222, 'F', 'Trail Blazers'),
(389, 'Greg Oden', 'Ohio State', '7-0', 250, 'C', 'Trail Blazers'),
(390, 'Travis Outlaw', 'Starville HS', '6-9', 215, 'F', 'Trail Blazers'),
(391, 'Joel Przybilla', 'Minnesota', '7-1', 255, 'C', 'Trail Blazers'),
(392, 'Sergio Rodriguez', 'Spain', '6-3', 168, 'G', 'Trail Blazers'),
(393, 'Brandon Roy', 'Washington', '6-6', 229, 'G-F', 'Trail Blazers'),
(394, 'Von Wafer', 'Florida State', '6-5', 210, 'G', 'Trail Blazers'),
(395, 'Martell Webster', 'Seattle Prep HS', '6-7', 229, 'F-G', 'Trail Blazers'),
(400, 'Gilbert Arenas', 'Arizona', '6-4', 215, 'G', 'Wizards'),
(401, 'Andray Blatche', 'South Kent Prep', '6-11', 248, 'F', 'Wizards'),
(402, 'Caron Butler', 'Connecticut', '6-7', 228, 'F', 'Wizards'),
(403, 'Antonio Daniels', 'Bowling Green', '6-4', 205, 'G', 'Wizards'),
(404, 'Brendan Haywood', 'North Carolina', '7-0', 263, 'C', 'Wizards'),
(405, 'Antawn Jamison', 'North Carolina', '6-9', 235, 'F', 'Wizards'),
(406, 'Roger Mason', 'Virginia', '6-5', 212, 'G', 'Wizards'),
(407, 'Dominic McGuire', 'Fresno State', '6-9', 220, 'F', 'Wizards'),
(408, 'Oleksiy Pecherov', 'Donetsk', '7-0', 234, 'C-F', 'Wizards'),
(409, 'Darius Songaila', 'Wake Forest', '6-9', 248, 'F', 'Wizards'),
(410, 'DeShawn Stevenson', 'Washington Union HS', '6-5', 218, 'G', 'Wizards'),
(411, 'Etan Thomas', 'Syracuse', '6-10', 260, 'C', 'Wizards'),
(412, 'Nick Young', 'USC', '6-6', 200, 'G', 'Wizards'),
(420, 'Carlos Arroyo', 'Florida Internationa', ' 6-2', 202, 'G', 'Magic'),
(421, 'James Augustine', 'Illinois', '6-10', 235, 'F', 'Magic'),
(422, 'Tony Battie', 'Texas Tech', '6-11', 240, 'F-C', 'Magic'),
(423, 'Keith Bogans', 'Kentucky', '6-5', 215, 'G-F', 'Magic'),
(424, 'Brian Cook', 'Illinois', '6-9', 250, 'F', 'Magic'),
(425, 'Kenyon Dooling', 'Missouri', '6-3', 195, 'G', 'Magic'),
(426, 'Maurice Evans', 'Texas', '6-5', 220, 'G', 'Magic'),
(427, 'Adonal Foyle', 'Colgate', '6-10', 270, 'C', 'Magic'),
(428, 'Pat Garrity', 'Notre Dame', '6-9', 238, 'F', 'Magic'),
(429, 'Marcin Gortat', 'Poland', '7-0', 240, 'F-C', 'Magic'),
(430, 'Dwight Howard', 'SW Atlanta Crhistian', '6-11', 265, 'F-C', 'Magic'),
(431, 'Rashard Lewis', 'None', '6-10', 230, 'F', 'Magic'),
(432, 'Jammer Nelson', 'Saint Josephs', '6-0', 190, 'G', 'Magic'),
(433, 'J.J.Redick', 'Duke', '6-4', 190, 'G', 'Magic'),
(434, 'Hedo Turkoglu', 'Turkey', '6-10', 220, 'F', 'Magic'),
(440, 'Malik Allen', 'Villanova', '6-10', 255, 'F', 'Mavericks'),
(441, 'Jose Barea', 'Northeastern', '6-0', 175, 'G', 'Mavericks'),
(442, 'Brandon Bass', 'Louisiana State', '6-8', 240, 'F', 'Mavericks'),
(443, 'Erick Dampier', 'Mississippi', '6-11', 265, 'C', 'Mavericks'),
(444, 'Josh Howard', 'Wake Forest', '6-5', 210, 'F-G', 'Mavericks'),
(445, 'Juwan Howard', 'Michigan', '6-9', 253, 'F', 'Mavericks'),
(446, 'Eddie Jones', 'Temple', '6-6', 200, 'G-F', 'Mavericks'),
(447, 'Jason Kidd', 'California', '6-4', 210, 'G', 'Mavericks'),
(448, 'Tyronn Lue', 'Nebraska', '6-0', 175, 'G', 'Mavericks'),
(449, 'Jamaal Magloire', 'Kentucky', '6-11', 265, 'C', 'Mavericks'),
(450, 'Dirk Nowitzki', 'Germany', '7-0', 245, 'F', 'Mavericks'),
(451, 'Jerry Stackhouse', 'North Carolina', '6-6', 218, 'G-F', 'Mavericks'),
(452, 'Jason Terry', 'Arizona', '6-2', 180, 'G', 'Mavericks'),
(453, 'Antoine Wright', 'Texas', '6-7', 215, 'G-F', 'Mavericks'),
(454, 'Devean George', 'Augsburg', '6-8', 235, 'F-G', 'Mavericks'),
(461, 'Maurice Ager', 'Michigan State', '6-5', 202, 'F-G', 'Nets'),
(462, 'Darrel Armstrong', 'Fayetteville State', '6-1', 180, 'G', 'Nets'),
(463, 'Josh Boone', 'Connecticut', '6-10', 237, 'C', 'Nets'),
(464, 'Vince Carter', 'North Carolina', '6-6', 220, 'G', 'Nets'),
(465, 'DeSagana Diop', 'Oak Hill Academy HS', '7-0', 280, 'C', 'Nets'),
(466, 'Devin Harris', 'Wisconsin', '6-3', 185, 'G', 'Nets'),
(467, 'Trenton Hassell', 'Austin Peay', '6-5', 233, 'F', 'Nets'),
(468, 'Richard Jefferson', 'Arizona', '6-7', 225, 'F', 'Nets'),
(469, 'Nenad Krstic', 'Serbia Montenegro', '7-0', 240, 'F-C', 'Nets'),
(470, 'Bostjan Nachbar', 'Slovenia', '6-9', 221, 'F', 'Nets'),
(471, 'Stromile Swift', 'Louisiana State', '6-10', 220, 'F-C', 'Nets'),
(472, 'Keith Van Horn', 'Utah', '6-10', 245, 'F', 'Nets'),
(473, 'Marcus Williams', 'Connecticut', '6-3', 205, 'G', 'Nets'),
(474, 'Sean Williams', 'Boston College', '6-10', 235, 'F-C', 'Nets'),
(481, 'Carmelo Anthony', 'Syracuse', '6-8', 230, 'F', 'Nuggets'),
(482, 'Chucky Atkins', 'South Florida', '5-11', 185, 'G', 'Nuggets'),
(483, 'Marcus Camby', 'Massachuhsetts', '6-11', 235, 'C', 'Nuggets'),
(484, 'Anthony Carter', 'Peppedirne', '6-7', 225, 'G-F', 'Nuggets'),
(485, 'Yakhouba Diawarra', 'Pepperdine', '6-7', 225, 'G-F', 'Nuggets'),
(486, 'Taurean Green', 'Florida', '6-0', 177, 'G', 'Nuggets'),
(487, 'Steven Hunter', 'DePaul', '7-0', 240, 'F-C', 'Nuggets'),
(488, 'Allen Iverson', 'Georgetown', '6-0', 180, 'G', 'Nuggets'),
(489, 'Linas Kleiza', 'Missouri', '6-8', 245, 'F-G', 'Nuggets'),
(490, 'Kenyon Martin', 'Cincinnati', '6-9', 240, 'F', 'Nuggets'),
(491, 'Eduardo Najera', 'Oklahoma', '6-8', 235, 'F', 'Nuggets'),
(492, 'Nene', 'Brazil', '6-11', 250, 'F-C', 'Nuggets'),
(493, 'JR Smith', 'St.Benedits', '6-6', 220, 'G', 'Nuggets'),
(500, 'Morris Almond', 'Rice', '6-6', 225, 'G', 'Jazz'),
(501, 'Carlos Boozer', 'Duke', '6-9', 266, 'F', 'Jazz'),
(502, 'Ronnie Brewer', 'Arkansas', '6-7', 223, 'G', 'Jazz'),
(503, 'Jarron Collins', 'Stanfor', '6-11', 239, 'C', 'Jazz'),
(504, 'Kyrylo Fesenko', 'Ukranie', '7-1', 288, 'C', 'Jazz'),
(505, 'Matt Harpring', 'Gerogia Tech', '6-7', 230, 'F', 'Jazz'),
(506, 'Jason Hart', 'Syracuse', '6-3', 180, 'G', 'Jazz'),
(507, 'Andrei Kirilenko', 'Russia', '6-9', 223, 'F', 'Jazz'),
(508, 'Kyle Korver', 'Creighton', '6-6', 211, 'F-G', 'Jazz'),
(509, 'C.J. Miles', 'Skyline HS', '6-6', 220, 'F-G', 'Jazz'),
(510, 'Paul Millsap', 'Loisiana Tech', '6-8', 258, 'F-C', 'Jazz'),
(511, 'Mehmet Okur', 'Turkey', '6-11', 263, 'C', 'Jazz'),
(512, 'Ronnie Price', 'Utah Valley State', '6-2', 190, 'G', 'Jazz'),
(513, 'Deron Williams', 'Illions', '6-3', 205, 'G', 'Jazz'),
(520, 'Marquis Daniels', 'Auburn', '6-6', 200, 'G', 'Pacers'),
(521, 'Travis Diener', 'Marquette', '6-1', 175, 'G', 'Pacers'),
(522, 'Ike Diogu', 'Arizona State', '6-8', 255, 'F', 'Pacers'),
(523, 'Mike Dunleavy', 'Duke', '6-9', 230, 'F-G', 'Pacers'),
(524, 'Jeff Foster', 'Texas State', '6-11', 250, 'C', 'Pacers'),
(525, 'Stephen Graham', 'Oklahoma State', '6-6', 215, 'G', 'Pacers'),
(526, 'Danny Granger', 'New Mexico', '6-8', 228, 'F-G', 'Pacers'),
(527, 'David Harrison', 'Colorado', '7-0', 280, 'C', 'Pacers'),
(528, 'Troy Murphy', 'Notre Dame', '6-11', 245, 'C-F', 'Pacers'),
(529, 'Ronald Murray', 'Shaw', '6-3', 197, 'G', 'Pacers'),
(530, 'Jermaine O\'Neal', 'au Claire HS (SC)', '6-11', 260, 'F-C', 'Pacers'),
(531, 'Andre Owens', 'Houston', '6-4', 200, 'G', 'Pacers'),
(532, 'Kareem Rush', 'Missouri', '6-6', 215, 'G', 'Pacers'),
(533, 'Jamaal Tinsley', 'Iowa State', '6-3', 185, 'G', 'Pacers'),
(534, 'Shawne Williams', 'Memphis', '6-9', 225, 'F', 'Pacers'),
(540, 'Arron Afflalo', 'UCLA', '6-5', 215, 'G', 'Pistons'),
(541, 'Chauncey Billups', 'Colorado', '6-3', 202, 'G', 'Pistons'),
(542, 'Juan Dixon', 'Maryland', '6-3', 165, 'G', 'Pistons'),
(543, 'Richard Hamilton', 'Connecticut', '6-7', 193, 'G', 'Pistons'),
(544, 'Jarvis Hayes', 'Georgia', '6-8', 228, 'F', 'Pistons'),
(545, 'Walter Herrmann', 'Argentina', '6-9', 225, 'F', 'Pistons'),
(546, 'Lindsey Hunter', 'Jackson State', '6-2', 195, 'G', 'Pistons'),
(547, 'Amir Johnson', 'Westchester HS', '6-9', 210, 'F', 'Pistons'),
(548, 'Jason Maxiell', 'Cincinnati', '6-7', 260, 'F', 'Pistons'),
(549, 'Antonio McDyess', 'Alabama', '6-9', 245, 'F', 'Pistons'),
(550, 'Tayshaun Prince', 'Kentucky', '6-9', 215, 'F', 'Pistons'),
(551, 'Theo Ratliff', 'Wyoming', '6-10', 235, 'C', 'Pistons'),
(552, 'Cheikh Samb', 'Senegal', '7-1', 245, 'C', 'Pistons'),
(553, 'Rodney Stuckey', 'Eastern Washington', '6-5', 205, 'G', 'Pistons'),
(554, 'Rasheed Wallace', 'North Carolina', '6-11', 230, 'C-F', 'Pistons'),
(560, 'Nick Collison', 'Kansas', '6-10', 255, 'F-C', 'Supersonics'),
(561, 'Ronald Dupree', 'Louisiana State', '6-7', 209, 'F', 'Supersonics'),
(562, 'Kevin Durant', 'Texas', '6-9', 215, 'G', 'Supersonics'),
(563, 'Francisco Elson', 'California', '7-0', 235, 'C', 'Supersonics'),
(564, 'Mickael Gelabale', 'France', '6-7', 215, 'F', 'Supersonics'),
(565, 'Jeff Green', 'Georgetown', '6-9', 235, 'F', 'Supersonics'),
(566, 'Adrian Griffin', 'Seton Hall', '6-5', 230, 'G-F', 'Supersonics'),
(567, 'Donyell Marshall', 'Connecticut', '6-9', 245, 'F', 'Supersonics'),
(568, 'Johan Petro', 'France', '7-0', 247, 'C', 'Supersonics'),
(569, 'Luke Ridnour', 'Oregon', '6-2', 175, 'G', 'Supersonics'),
(570, 'Mouhamed Sene', 'Senegal', '6-11', 230, 'C', 'Supersonics'),
(571, 'Robert Swift', 'Bakersfield HS', '7-1', 245, 'C', 'Supersonics'),
(572, 'Earl Watson', 'UCLA', '6-1', 185, 'G', 'Supersonics'),
(573, 'Chris Wilcox', 'Maryland', '6-10', 235, 'F', 'Supersonics'),
(574, 'Damien Wilkins', 'Georgia', '6-6', 225, 'F-G', 'Supersonics'),
(580, 'Leandro Barbosa', 'Brazil', '6-3', 202, 'G', 'Suns'),
(581, 'Raja Bell', 'Florida Internationa', '6-5', 215, 'G', 'Suns'),
(582, 'Boris Diaw', 'France', '6-8', 235, 'F-C', 'Suns'),
(583, 'Gordan Giricek', 'Croatia', '6-6', 220, 'G', 'Suns'),
(584, 'Grant Hill', 'Duke', '6-8', 225, 'F-G', 'Suns'),
(585, 'Sean Marks', 'California', '6-10', 250, 'F-C', 'Suns'),
(586, 'Steve Nash - C', 'Santa Clara', '6-3', 178, 'G', 'Suns'),
(587, 'Shaquille ONeal', 'Louisiana State', '7-1', 325, 'C', 'Suns'),
(588, 'Eric Piatkowski', 'Nebraska', '6-7', 215, 'G-F', 'Suns'),
(589, 'Brian Skinner', 'Baylor', '6-9', 255, 'G-F', 'Suns'),
(590, 'Amare Stoudemire', 'Cypress Creek (Orlan', '6-10', 249, 'C-F', 'Suns'),
(591, 'D.J. Strawberry', 'Maryland', '6-10', 201, 'G', 'Suns'),
(592, 'Alando Tucker', 'Wisconsin', '6-6', 205, 'F', 'Suns'),
(600, 'Kelenna Azubuike', NULL, '6-5', 220, 'G-F', 'Warriors'),
(601, 'Matt Barnes', NULL, '6-7', 226, 'F', 'Warriors'),
(602, 'Marco Belinelli', NULL, '6-5', 192, 'G', 'Warriors'),
(603, 'Andris Biedrns', NULL, '6-11', 230, 'C', 'Warriors'),
(604, 'Austin Croshere', NULL, '6-10', 235, 'F', 'Warriors'),
(605, 'Baron Davis', NULL, '6-3', 215, 'G', 'Warriors'),
(606, 'Monta Ellis', NULL, '6-3', 177, 'G', 'Warriors'),
(607, 'Al Harrington', NULL, '6-9', 250, 'F-C', 'Warriors'),
(608, 'Stephen Jackson', NULL, '6-8', 218, 'F', 'Warriors'),
(609, 'Patrick O\'Bryant', NULL, '7-0', 250, 'C', 'Warriors'),
(610, 'Kosta Perovic', NULL, '7-2', 240, 'C', 'Warriors'),
(611, 'Mickael Pietrus', NULL, '6-6', 215, 'F', 'Warriors'),
(612, 'C.J. Watson', NULL, '6-2', 180, 'G', 'Warriors'),
(613, 'Brandan Wright', NULL, '6-9', 205, 'F', 'Warriors');

-- --------------------------------------------------------

--
-- Estructura de tabla para la tabla `partidos`
--

CREATE TABLE `partidos` (
  `codigo` int(11) NOT NULL,
  `equipo_local` varchar(20) COLLATE utf8mb4_unicode_ci DEFAULT NULL,
  `equipo_visitante` varchar(20) COLLATE utf8mb4_unicode_ci DEFAULT NULL,
  `puntos_local` int(11) DEFAULT NULL,
  `puntos_visitante` int(11) DEFAULT NULL
) ENGINE=InnoDB DEFAULT CHARSET=utf8mb4 COLLATE=utf8mb4_unicode_ci;

--
-- Volcado de datos para la tabla `partidos`
--

INSERT INTO `partidos` (`codigo`, `equipo_local`, `equipo_visitante`, `puntos_local`, `puntos_visitante`) VALUES
(14791, 'Raptors', 'Lakers', 158, 112),
(14792, 'Raptors', 'Grizzlies', 72, 123),
(14793, 'Raptors', 'Clippers', 146, 86),
(14794, 'Raptors', 'Knicks', 146, 50),
(14795, 'Raptors', 'Timberwolves', 56, 110),
(14796, 'Raptors', 'Celtics', 74, 69),
(14797, 'Raptors', '76ers', 67, 119),
(14798, 'Raptors', 'Nets', 64, 85),
(14799, 'Raptors', 'Pistons', 88, 90),
(14800, 'Raptors', 'Cavaliers', 73, 96),
(14801, 'Raptors', 'Pacers', 80, 68),
(14802, 'Raptors', 'Bulls', 91, 110),
(14803, 'Raptors', 'Bucks', 78, 88),
(14804, 'Raptors', 'Magic', 122, 95),
(14805, 'Raptors', 'Wizards', 132, 144),
(14806, 'Raptors', 'Hawks', 84, 60),
(14807, 'Raptors', 'Bobcats', 57, 66),
(14808, 'Raptors', 'Heat', 61, 59),
(14809, 'Raptors', 'Jazz', 79, 77),
(14810, 'Raptors', 'Nuggets', 149, 110),
(14811, 'Raptors', 'Trail Blazers', 98, 78),
(14812, 'Raptors', 'Supersonics', 111, 142),
(14813, 'Raptors', 'Warriors', 62, 149),
(14814, 'Raptors', 'Kings', 147, 77),
(14815, 'Raptors', 'Hornets', 153, 104),
(14816, 'Raptors', 'Spurs', 59, 53),
(14817, 'Raptors', 'Rockets', 129, 50),
(14818, 'Raptors', 'Mavericks', 78, 125),
(14819, 'Raptors', 'Suns', 108, 105),
(14820, 'Lakers', 'Raptors', 77, 100),
(14821, 'Lakers', 'Grizzlies', 72, 136),
(14822, 'Lakers', 'Clippers', 133, 61),
(14823, 'Lakers', 'Knicks', 54, 79),
(14824, 'Lakers', 'Timberwolves', 118, 146),
(14825, 'Lakers', 'Celtics', 133, 60),
(14826, 'Lakers', '76ers', 97, 148),
(14827, 'Lakers', 'Nets', 127, 112),
(14828, 'Lakers', 'Pistons', 84, 107),
(14829, 'Lakers', 'Cavaliers', 80, 137),
(14830, 'Lakers', 'Pacers', 56, 73),
(14831, 'Lakers', 'Bulls', 121, 110),
(14832, 'Lakers', 'Bucks', 96, 108),
(14833, 'Lakers', 'Magic', 131, 95),
(14834, 'Lakers', 'Wizards', 126, 91),
(14835, 'Lakers', 'Hawks', 92, 68),
(14836, 'Lakers', 'Bobcats', 113, 108),
(14837, 'Lakers', 'Heat', 138, 101),
(14838, 'Lakers', 'Jazz', 70, 95),
(14839, 'Lakers', 'Nuggets', 85, 127),
(14840, 'Lakers', 'Trail Blazers', 96, 60),
(14841, 'Lakers', 'Supersonics', 80, 64),
(14842, 'Lakers', 'Warriors', 114, 111),
(14843, 'Lakers', 'Kings', 78, 80),
(14844, 'Lakers', 'Hornets', 64, 77),
(14845, 'Lakers', 'Spurs', 110, 114),
(14846, 'Lakers', 'Rockets', 135, 133),
(14847, 'Lakers', 'Mavericks', 144, 85),
(14848, 'Lakers', 'Suns', 143, 154),
(14849, 'Grizzlies', 'Raptors', 74, 121),
(14850, 'Grizzlies', 'Lakers', 144, 67),
(14851, 'Grizzlies', 'Clippers', 75, 62),
(14852, 'Grizzlies', 'Knicks', 83, 122),
(14853, 'Grizzlies', 'Timberwolves', 103, 71),
(14854, 'Grizzlies', 'Celtics', 131, 113),
(14855, 'Grizzlies', '76ers', 85, 77),
(14856, 'Grizzlies', 'Nets', 68, 132),
(14857, 'Grizzlies', 'Pistons', 127, 121),
(14858, 'Grizzlies', 'Cavaliers', 110, 59),
(14859, 'Grizzlies', 'Pacers', 104, 67),
(14860, 'Grizzlies', 'Bulls', 123, 55),
(14861, 'Grizzlies', 'Bucks', 144, 111),
(14862, 'Grizzlies', 'Magic', 73, 96),
(14863, 'Grizzlies', 'Wizards', 50, 114),
(14864, 'Grizzlies', 'Hawks', 56, 88),
(14865, 'Grizzlies', 'Bobcats', 59, 53),
(14866, 'Grizzlies', 'Heat', 149, 110),
(14867, 'Grizzlies', 'Jazz', 101, 64),
(14868, 'Grizzlies', 'Nuggets', 58, 147),
(14869, 'Grizzlies', 'Trail Blazers', 66, 75),
(14870, 'Grizzlies', 'Supersonics', 114, 63),
(14871, 'Grizzlies', 'Warriors', 98, 124),
(14872, 'Grizzlies', 'Kings', 104, 145),
(14873, 'Grizzlies', 'Hornets', 155, 153),
(14874, 'Grizzlies', 'Spurs', 101, 158),
(14875, 'Grizzlies', 'Rockets', 141, 158),
(14876, 'Grizzlies', 'Mavericks', 115, 154),
(14877, 'Grizzlies', 'Suns', 60, 158),
(14878, 'Clippers', 'Raptors', 106, 129),
(14879, 'Clippers', 'Lakers', 99, 64),
(14880, 'Clippers', 'Grizzlies', 124, 129),
(14881, 'Clippers', 'Knicks', 74, 138),
(14882, 'Clippers', 'Timberwolves', 157, 60),
(14883, 'Clippers', 'Celtics', 105, 157),
(14884, 'Clippers', '76ers', 111, 76),
(14885, 'Clippers', 'Nets', 125, 145),
(14886, 'Clippers', 'Pistons', 147, 111),
(14887, 'Clippers', 'Cavaliers', 60, 135),
(14888, 'Clippers', 'Pacers', 58, 105),
(14889, 'Clippers', 'Bulls', 155, 80),
(14890, 'Clippers', 'Bucks', 104, 138),
(14891, 'Clippers', 'Magic', 124, 112),
(14892, 'Clippers', 'Wizards', 111, 50),
(14893, 'Clippers', 'Hawks', 68, 68),
(14894, 'Clippers', 'Bobcats', 142, 72),
(14895, 'Clippers', 'Heat', 120, 130),
(14896, 'Clippers', 'Jazz', 92, 63),
(14897, 'Clippers', 'Nuggets', 110, 79),
(14898, 'Clippers', 'Trail Blazers', 77, 85),
(14899, 'Clippers', 'Supersonics', 132, 102),
(14900, 'Clippers', 'Warriors', 95, 130),
(14901, 'Clippers', 'Kings', 52, 93),
(14902, 'Clippers', 'Hornets', 136, 99),
(14903, 'Clippers', 'Spurs', 123, 86),
(14904, 'Clippers', 'Rockets', 111, 124),
(14905, 'Clippers', 'Mavericks', 115, 152),
(14906, 'Clippers', 'Suns', 136, 58),
(14907, 'Knicks', 'Raptors', 97, 123),
(14908, 'Knicks', 'Lakers', 73, 73),
(14909, 'Knicks', 'Grizzlies', 157, 89),
(14910, 'Knicks', 'Clippers', 89, 91),
(14911, 'Knicks', 'Timberwolves', 155, 69),
(14912, 'Knicks', 'Celtics', 139, 112),
(14913, 'Knicks', '76ers', 156, 126),
(14914, 'Knicks', 'Nets', 144, 132),
(14915, 'Knicks', 'Pistons', 117, 90),
(14916, 'Knicks', 'Cavaliers', 82, 96),
(14917, 'Knicks', 'Pacers', 54, 59),
(14918, 'Knicks', 'Bulls', 99, 83),
(14919, 'Knicks', 'Bucks', 114, 62),
(14920, 'Knicks', 'Magic', 116, 95),
(14921, 'Knicks', 'Wizards', 135, 73),
(14922, 'Knicks', 'Hawks', 105, 84),
(14923, 'Knicks', 'Bobcats', 104, 57),
(14924, 'Knicks', 'Heat', 74, 118),
(14925, 'Knicks', 'Jazz', 98, 143),
(14926, 'Knicks', 'Nuggets', 72, 136),
(14927, 'Knicks', 'Trail Blazers', 141, 75),
(14928, 'Knicks', 'Supersonics', 119, 61),
(14929, 'Knicks', 'Warriors', 93, 92),
(14930, 'Knicks', 'Kings', 157, 152),
(14931, 'Knicks', 'Hornets', 104, 100),
(14932, 'Knicks', 'Spurs', 142, 85),
(14933, 'Knicks', 'Rockets', 123, 73),
(14934, 'Knicks', 'Mavericks', 53, 122),
(14935, 'Knicks', 'Suns', 78, 148),
(14936, 'Timberwolves', 'Raptors', 144, 132),
(14937, 'Timberwolves', 'Lakers', 96, 91),
(14938, 'Timberwolves', 'Grizzlies', 138, 57),
(14939, 'Timberwolves', 'Clippers', 82, 108),
(14940, 'Timberwolves', 'Knicks', 75, 80),
(14941, 'Timberwolves', 'Celtics', 100, 153),
(14942, 'Timberwolves', '76ers', 110, 156),
(14943, 'Timberwolves', 'Nets', 121, 126),
(14944, 'Timberwolves', 'Pistons', 104, 131),
(14945, 'Timberwolves', 'Cavaliers', 129, 115),
(14946, 'Timberwolves', 'Pacers', 132, 93),
(14947, 'Timberwolves', 'Bulls', 138, 106),
(14948, 'Timberwolves', 'Bucks', 129, 101),
(14949, 'Timberwolves', 'Magic', 137, 58),
(14950, 'Timberwolves', 'Wizards', 124, 55),
(14951, 'Timberwolves', 'Hawks', 58, 102),
(14952, 'Timberwolves', 'Bobcats', 50, 128),
(14953, 'Timberwolves', 'Heat', 95, 127),
(14954, 'Timberwolves', 'Jazz', 142, 144),
(14955, 'Timberwolves', 'Nuggets', 73, 145),
(14956, 'Timberwolves', 'Trail Blazers', 149, 70),
(14957, 'Timberwolves', 'Supersonics', 152, 147),
(14958, 'Timberwolves', 'Warriors', 109, 99),
(14959, 'Timberwolves', 'Kings', 140, 87),
(14960, 'Timberwolves', 'Hornets', 57, 108),
(14961, 'Timberwolves', 'Spurs', 144, 117),
(14962, 'Timberwolves', 'Rockets', 87, 121),
(14963, 'Timberwolves', 'Mavericks', 153, 86),
(14964, 'Timberwolves', 'Suns', 116, 148),
(14965, 'Celtics', 'Raptors', 88, 152),
(14966, 'Celtics', 'Lakers', 110, 50),
(14967, 'Celtics', 'Grizzlies', 100, 119),
(14968, 'Celtics', 'Clippers', 122, 87),
(14969, 'Celtics', 'Knicks', 124, 103),
(14970, 'Celtics', 'Timberwolves', 134, 74),
(14971, 'Celtics', '76ers', 123, 143),
(14972, 'Celtics', 'Nets', 148, 92),
(14973, 'Celtics', 'Pistons', 135, 158),
(14974, 'Celtics', 'Cavaliers', 88, 133),
(14975, 'Celtics', 'Pacers', 133, 153),
(14976, 'Celtics', 'Bulls', 158, 105),
(14977, 'Celtics', 'Bucks', 129, 130),
(14978, 'Celtics', 'Magic', 148, 78),
(14979, 'Celtics', 'Wizards', 85, 124),
(14980, 'Celtics', 'Hawks', 64, 119),
(14981, 'Celtics', 'Bobcats', 74, 60),
(14982, 'Celtics', 'Heat', 139, 55),
(14983, 'Celtics', 'Jazz', 137, 65),
(14984, 'Celtics', 'Nuggets', 106, 122),
(14985, 'Celtics', 'Trail Blazers', 62, 51),
(14986, 'Celtics', 'Supersonics', 132, 125),
(14987, 'Celtics', 'Warriors', 57, 79),
(14988, 'Celtics', 'Kings', 145, 149),
(14989, 'Celtics', 'Hornets', 148, 106),
(14990, 'Celtics', 'Spurs', 62, 97),
(14991, 'Celtics', 'Rockets', 145, 83),
(14992, 'Celtics', 'Mavericks', 151, 124),
(14993, 'Celtics', 'Suns', 73, 74),
(14994, '76ers', 'Raptors', 114, 129),
(14995, '76ers', 'Lakers', 87, 87),
(14996, '76ers', 'Grizzlies', 154, 128),
(14997, '76ers', 'Clippers', 84, 138),
(14998, '76ers', 'Knicks', 118, 129),
(14999, '76ers', 'Timberwolves', 106, 136),
(15000, '76ers', 'Celtics', 72, 127),
(15001, '76ers', 'Nets', 118, 109),
(15002, '76ers', 'Pistons', 151, 136),
(15003, '76ers', 'Cavaliers', 139, 146),
(15004, '76ers', 'Pacers', 101, 137),
(15005, '76ers', 'Bulls', 72, 132),
(15006, '76ers', 'Bucks', 158, 158),
(15007, '76ers', 'Magic', 110, 70),
(15008, '76ers', 'Wizards', 109, 61),
(15009, '76ers', 'Hawks', 75, 90),
(15010, '76ers', 'Bobcats', 110, 114),
(15011, '76ers', 'Heat', 95, 61),
(15012, '76ers', 'Jazz', 131, 68),
(15013, '76ers', 'Nuggets', 109, 92),
(15014, '76ers', 'Trail Blazers', 63, 110),
(15015, '76ers', 'Supersonics', 51, 88),
(15016, '76ers', 'Warriors', 93, 105),
(15017, '76ers', 'Kings', 63, 90),
(15018, '76ers', 'Hornets', 102, 56),
(15019, '76ers', 'Spurs', 84, 102),
(15020, '76ers', 'Rockets', 88, 58),
(15021, '76ers', 'Mavericks', 114, 157),
(15022, '76ers', 'Suns', 67, 156),
(15023, 'Nets', 'Raptors', 72, 91),
(15024, 'Nets', 'Lakers', 102, 136),
(15025, 'Nets', 'Grizzlies', 124, 99),
(15026, 'Nets', 'Clippers', 155, 92),
(15027, 'Nets', 'Knicks', 153, 130),
(15028, 'Nets', 'Timberwolves', 65, 52),
(15029, 'Nets', 'Celtics', 138, 60),
(15030, 'Nets', '76ers', 102, 58),
(15031, 'Nets', 'Pistons', 125, 116),
(15032, 'Nets', 'Cavaliers', 131, 59),
(15033, 'Nets', 'Pacers', 106, 135),
(15034, 'Nets', 'Bulls', 109, 52),
(15035, 'Nets', 'Bucks', 156, 142),
(15036, 'Nets', 'Magic', 70, 133),
(15037, 'Nets', 'Wizards', 155, 103),
(15038, 'Nets', 'Hawks', 131, 149),
(15039, 'Nets', 'Bobcats', 77, 121),
(15040, 'Nets', 'Heat', 93, 135),
(15041, 'Nets', 'Jazz', 102, 132),
(15042, 'Nets', 'Nuggets', 156, 120),
(15043, 'Nets', 'Trail Blazers', 87, 54),
(15044, 'Nets', 'Supersonics', 139, 83),
(15045, 'Nets', 'Warriors', 53, 73),
(15046, 'Nets', 'Kings', 142, 138),
(15047, 'Nets', 'Hornets', 154, 88),
(15048, 'Nets', 'Spurs', 148, 103),
(15049, 'Nets', 'Rockets', 126, 55),
(15050, 'Nets', 'Mavericks', 80, 73),
(15051, 'Nets', 'Suns', 72, 134),
(15052, 'Pistons', 'Raptors', 117, 149),
(15053, 'Pistons', 'Lakers', 76, 109),
(15054, 'Pistons', 'Grizzlies', 151, 87),
(15055, 'Pistons', 'Clippers', 60, 137),
(15056, 'Pistons', 'Knicks', 154, 61),
(15057, 'Pistons', 'Timberwolves', 108, 110),
(15058, 'Pistons', 'Celtics', 129, 148),
(15059, 'Pistons', '76ers', 50, 134),
(15060, 'Pistons', 'Nets', 95, 57),
(15061, 'Pistons', 'Cavaliers', 60, 52),
(15062, 'Pistons', 'Pacers', 91, 83),
(15063, 'Pistons', 'Bulls', 73, 88),
(15064, 'Pistons', 'Bucks', 106, 131),
(15065, 'Pistons', 'Magic', 114, 99),
(15066, 'Pistons', 'Wizards', 142, 67),
(15067, 'Pistons', 'Hawks', 94, 52),
(15068, 'Pistons', 'Bobcats', 82, 108),
(15069, 'Pistons', 'Heat', 85, 97),
(15070, 'Pistons', 'Jazz', 143, 135),
(15071, 'Pistons', 'Nuggets', 64, 115),
(15072, 'Pistons', 'Trail Blazers', 138, 136),
(15073, 'Pistons', 'Supersonics', 130, 65),
(15074, 'Pistons', 'Warriors', 93, 124),
(15075, 'Pistons', 'Kings', 87, 130),
(15076, 'Pistons', 'Hornets', 115, 84),
(15077, 'Pistons', 'Spurs', 150, 138),
(15078, 'Pistons', 'Rockets', 75, 58),
(15079, 'Pistons', 'Mavericks', 146, 93),
(15080, 'Pistons', 'Suns', 79, 145),
(15081, 'Cavaliers', 'Raptors', 59, 80),
(15082, 'Cavaliers', 'Lakers', 93, 93),
(15083, 'Cavaliers', 'Grizzlies', 157, 92),
(15084, 'Cavaliers', 'Clippers', 148, 123),
(15085, 'Cavaliers', 'Knicks', 62, 98),
(15086, 'Cavaliers', 'Timberwolves', 123, 134),
(15087, 'Cavaliers', 'Celtics', 134, 141),
(15088, 'Cavaliers', '76ers', 116, 145),
(15089, 'Cavaliers', 'Nets', 50, 135),
(15090, 'Cavaliers', 'Pistons', 63, 106),
(15091, 'Cavaliers', 'Pacers', 133, 126),
(15092, 'Cavaliers', 'Bulls', 53, 60),
(15093, 'Cavaliers', 'Bucks', 94, 143),
(15094, 'Cavaliers', 'Magic', 112, 122),
(15095, 'Cavaliers', 'Wizards', 89, 78),
(15096, 'Cavaliers', 'Hawks', 136, 150),
(15097, 'Cavaliers', 'Bobcats', 61, 138),
(15098, 'Cavaliers', 'Heat', 60, 100),
(15099, 'Cavaliers', 'Jazz', 88, 120),
(15100, 'Cavaliers', 'Nuggets', 57, 88),
(15101, 'Cavaliers', 'Trail Blazers', 107, 142),
(15102, 'Cavaliers', 'Supersonics', 110, 141),
(15103, 'Cavaliers', 'Warriors', 97, 80),
(15104, 'Cavaliers', 'Kings', 52, 91),
(15105, 'Cavaliers', 'Hornets', 76, 133),
(15106, 'Cavaliers', 'Spurs', 58, 152),
(15107, 'Cavaliers', 'Rockets', 123, 98),
(15108, 'Cavaliers', 'Mavericks', 88, 97),
(15109, 'Cavaliers', 'Suns', 100, 98),
(15110, 'Pacers', 'Raptors', 108, 115),
(15111, 'Pacers', 'Lakers', 55, 130),
(15112, 'Pacers', 'Grizzlies', 132, 148),
(15113, 'Pacers', 'Clippers', 108, 84),
(15114, 'Pacers', 'Knicks', 60, 145),
(15115, 'Pacers', 'Timberwolves', 149, 113),
(15116, 'Pacers', 'Celtics', 99, 116),
(15117, 'Pacers', '76ers', 100, 151),
(15118, 'Pacers', 'Nets', 121, 106),
(15119, 'Pacers', 'Pistons', 105, 129),
(15120, 'Pacers', 'Cavaliers', 126, 88),
(15121, 'Pacers', 'Bulls', 88, 91),
(15122, 'Pacers', 'Bucks', 94, 101),
(15123, 'Pacers', 'Magic', 102, 132),
(15124, 'Pacers', 'Wizards', 74, 90),
(15125, 'Pacers', 'Hawks', 50, 142),
(15126, 'Pacers', 'Bobcats', 82, 94),
(15127, 'Pacers', 'Heat', 89, 114),
(15128, 'Pacers', 'Jazz', 138, 144),
(15129, 'Pacers', 'Nuggets', 83, 60),
(15130, 'Pacers', 'Trail Blazers', 109, 69),
(15131, 'Pacers', 'Supersonics', 57, 155),
(15132, 'Pacers', 'Warriors', 129, 101),
(15133, 'Pacers', 'Kings', 139, 156),
(15134, 'Pacers', 'Hornets', 62, 86),
(15135, 'Pacers', 'Spurs', 94, 152),
(15136, 'Pacers', 'Rockets', 81, 138),
(15137, 'Pacers', 'Mavericks', 77, 147),
(15138, 'Pacers', 'Suns', 79, 122),
(15139, 'Bulls', 'Raptors', 114, 95),
(15140, 'Bulls', 'Lakers', 83, 150),
(15141, 'Bulls', 'Grizzlies', 150, 88),
(15142, 'Bulls', 'Clippers', 50, 118),
(15143, 'Bulls', 'Knicks', 126, 117),
(15144, 'Bulls', 'Timberwolves', 116, 140),
(15145, 'Bulls', 'Celtics', 83, 95),
(15146, 'Bulls', '76ers', 115, 146),
(15147, 'Bulls', 'Nets', 74, 114),
(15148, 'Bulls', 'Pistons', 108, 156),
(15149, 'Bulls', 'Cavaliers', 107, 78),
(15150, 'Bulls', 'Pacers', 61, 140),
(15151, 'Bulls', 'Bucks', 108, 128),
(15152, 'Bulls', 'Magic', 100, 136),
(15153, 'Bulls', 'Wizards', 140, 114),
(15154, 'Bulls', 'Hawks', 139, 53),
(15155, 'Bulls', 'Bobcats', 93, 72),
(15156, 'Bulls', 'Heat', 78, 64),
(15157, 'Bulls', 'Jazz', 63, 75),
(15158, 'Bulls', 'Nuggets', 139, 134),
(15159, 'Bulls', 'Trail Blazers', 101, 114),
(15160, 'Bulls', 'Supersonics', 138, 140),
(15161, 'Bulls', 'Warriors', 98, 112),
(15162, 'Bulls', 'Kings', 97, 109),
(15163, 'Bulls', 'Hornets', 136, 76),
(15164, 'Bulls', 'Spurs', 109, 66),
(15165, 'Bulls', 'Rockets', 100, 57),
(15166, 'Bulls', 'Mavericks', 134, 107),
(15167, 'Bulls', 'Suns', 83, 141),
(15168, 'Bucks', 'Raptors', 144, 84),
(15169, 'Bucks', 'Lakers', 50, 133),
(15170, 'Bucks', 'Grizzlies', 73, 62),
(15171, 'Bucks', 'Clippers', 85, 148),
(15172, 'Bucks', 'Knicks', 129, 52),
(15173, 'Bucks', 'Timberwolves', 107, 135),
(15174, 'Bucks', 'Celtics', 146, 94),
(15175, 'Bucks', '76ers', 59, 82),
(15176, 'Bucks', 'Nets', 59, 147),
(15177, 'Bucks', 'Pistons', 118, 140),
(15178, 'Bucks', 'Cavaliers', 70, 124),
(15179, 'Bucks', 'Pacers', 69, 124),
(15180, 'Bucks', 'Bulls', 93, 52),
(15181, 'Bucks', 'Magic', 110, 124),
(15182, 'Bucks', 'Wizards', 81, 155),
(15183, 'Bucks', 'Hawks', 62, 57),
(15184, 'Bucks', 'Bobcats', 67, 97),
(15185, 'Bucks', 'Heat', 124, 124),
(15186, 'Bucks', 'Jazz', 117, 98),
(15187, 'Bucks', 'Nuggets', 134, 82),
(15188, 'Bucks', 'Trail Blazers', 91, 119),
(15189, 'Bucks', 'Supersonics', 53, 80),
(15190, 'Bucks', 'Warriors', 90, 53),
(15191, 'Bucks', 'Kings', 152, 105),
(15192, 'Bucks', 'Hornets', 57, 56),
(15193, 'Bucks', 'Spurs', 134, 102),
(15194, 'Bucks', 'Rockets', 52, 140),
(15195, 'Bucks', 'Mavericks', 136, 127),
(15196, 'Bucks', 'Suns', 132, 117),
(15197, 'Magic', 'Raptors', 126, 91),
(15198, 'Magic', 'Lakers', 136, 122),
(15199, 'Magic', 'Grizzlies', 90, 72),
(15200, 'Magic', 'Clippers', 50, 67),
(15201, 'Magic', 'Knicks', 133, 119),
(15202, 'Magic', 'Timberwolves', 69, 109),
(15203, 'Magic', 'Celtics', 66, 66),
(15204, 'Magic', '76ers', 144, 157),
(15205, 'Magic', 'Nets', 109, 50),
(15206, 'Magic', 'Pistons', 97, 70),
(15207, 'Magic', 'Cavaliers', 99, 51),
(15208, 'Magic', 'Pacers', 96, 89),
(15209, 'Magic', 'Bulls', 134, 137),
(15210, 'Magic', 'Bucks', 60, 106),
(15211, 'Magic', 'Wizards', 53, 60),
(15212, 'Magic', 'Hawks', 80, 157),
(15213, 'Magic', 'Bobcats', 138, 98),
(15214, 'Magic', 'Heat', 98, 67),
(15215, 'Magic', 'Jazz', 103, 53),
(15216, 'Magic', 'Nuggets', 54, 108),
(15217, 'Magic', 'Trail Blazers', 67, 147),
(15218, 'Magic', 'Supersonics', 55, 153),
(15219, 'Magic', 'Warriors', 143, 79),
(15220, 'Magic', 'Kings', 141, 63),
(15221, 'Magic', 'Hornets', 156, 74),
(15222, 'Magic', 'Spurs', 74, 94),
(15223, 'Magic', 'Rockets', 52, 115),
(15224, 'Magic', 'Mavericks', 138, 139),
(15225, 'Magic', 'Suns', 108, 58),
(15226, 'Wizards', 'Raptors', 110, 80),
(15227, 'Wizards', 'Lakers', 82, 119),
(15228, 'Wizards', 'Grizzlies', 117, 66),
(15229, 'Wizards', 'Clippers', 135, 66),
(15230, 'Wizards', 'Knicks', 94, 158),
(15231, 'Wizards', 'Timberwolves', 144, 84),
(15232, 'Wizards', 'Celtics', 152, 114),
(15233, 'Wizards', '76ers', 134, 131),
(15234, 'Wizards', 'Nets', 92, 71),
(15235, 'Wizards', 'Pistons', 82, 95),
(15236, 'Wizards', 'Cavaliers', 154, 57),
(15237, 'Wizards', 'Pacers', 74, 76),
(15238, 'Wizards', 'Bulls', 147, 74),
(15239, 'Wizards', 'Bucks', 56, 53),
(15240, 'Wizards', 'Magic', 146, 101),
(15241, 'Wizards', 'Hawks', 156, 113),
(15242, 'Wizards', 'Bobcats', 112, 119),
(15243, 'Wizards', 'Heat', 51, 59),
(15244, 'Wizards', 'Jazz', 97, 64),
(15245, 'Wizards', 'Nuggets', 108, 136),
(15246, 'Wizards', 'Trail Blazers', 140, 124),
(15247, 'Wizards', 'Supersonics', 149, 142),
(15248, 'Wizards', 'Warriors', 88, 87),
(15249, 'Wizards', 'Kings', 106, 102),
(15250, 'Wizards', 'Hornets', 89, 137),
(15251, 'Wizards', 'Spurs', 146, 91),
(15252, 'Wizards', 'Rockets', 146, 142),
(15253, 'Wizards', 'Mavericks', 71, 85),
(15254, 'Wizards', 'Suns', 116, 68),
(15255, 'Hawks', 'Raptors', 155, 61),
(15256, 'Hawks', 'Lakers', 82, 87),
(15257, 'Hawks', 'Grizzlies', 158, 115),
(15258, 'Hawks', 'Clippers', 81, 64),
(15259, 'Hawks', 'Knicks', 113, 77),
(15260, 'Hawks', 'Timberwolves', 91, 156),
(15261, 'Hawks', 'Celtics', 154, 120),
(15262, 'Hawks', '76ers', 145, 132),
(15263, 'Hawks', 'Nets', 53, 93),
(15264, 'Hawks', 'Pistons', 151, 142),
(15265, 'Hawks', 'Cavaliers', 81, 89),
(15266, 'Hawks', 'Pacers', 63, 84),
(15267, 'Hawks', 'Bulls', 52, 152),
(15268, 'Hawks', 'Bucks', 78, 105),
(15269, 'Hawks', 'Magic', 137, 133),
(15270, 'Hawks', 'Wizards', 107, 134),
(15271, 'Hawks', 'Bobcats', 66, 114),
(15272, 'Hawks', 'Heat', 127, 101),
(15273, 'Hawks', 'Jazz', 104, 95),
(15274, 'Hawks', 'Nuggets', 144, 82),
(15275, 'Hawks', 'Trail Blazers', 93, 148),
(15276, 'Hawks', 'Supersonics', 62, 127),
(15277, 'Hawks', 'Warriors', 156, 157),
(15278, 'Hawks', 'Kings', 126, 133),
(15279, 'Hawks', 'Hornets', 118, 133),
(15280, 'Hawks', 'Spurs', 87, 62),
(15281, 'Hawks', 'Rockets', 158, 124),
(15282, 'Hawks', 'Mavericks', 138, 78),
(15283, 'Hawks', 'Suns', 63, 145),
(15284, 'Bobcats', 'Raptors', 133, 57),
(15285, 'Bobcats', 'Lakers', 153, 140),
(15286, 'Bobcats', 'Grizzlies', 136, 111),
(15287, 'Bobcats', 'Clippers', 52, 80),
(15288, 'Bobcats', 'Knicks', 134, 147),
(15289, 'Bobcats', 'Timberwolves', 92, 84),
(15290, 'Bobcats', 'Celtics', 101, 121),
(15291, 'Bobcats', '76ers', 145, 140),
(15292, 'Bobcats', 'Nets', 81, 88),
(15293, 'Bobcats', 'Pistons', 102, 60),
(15294, 'Bobcats', 'Cavaliers', 99, 74),
(15295, 'Bobcats', 'Pacers', 62, 128),
(15296, 'Bobcats', 'Bulls', 75, 70),
(15297, 'Bobcats', 'Bucks', 109, 129),
(15298, 'Bobcats', 'Magic', 115, 67),
(15299, 'Bobcats', 'Wizards', 113, 156),
(15300, 'Bobcats', 'Hawks', 53, 111),
(15301, 'Bobcats', 'Heat', 109, 138),
(15302, 'Bobcats', 'Jazz', 111, 57),
(15303, 'Bobcats', 'Nuggets', 156, 152),
(15304, 'Bobcats', 'Trail Blazers', 67, 118),
(15305, 'Bobcats', 'Supersonics', 113, 112),
(15306, 'Bobcats', 'Warriors', 76, 130),
(15307, 'Bobcats', 'Kings', 95, 137),
(15308, 'Bobcats', 'Hornets', 112, 154),
(15309, 'Bobcats', 'Spurs', 92, 79),
(15310, 'Bobcats', 'Rockets', 81, 122),
(15311, 'Bobcats', 'Mavericks', 148, 54),
(15312, 'Bobcats', 'Suns', 78, 60),
(15313, 'Heat', 'Raptors', 142, 133),
(15314, 'Heat', 'Lakers', 120, 111),
(15315, 'Heat', 'Grizzlies', 138, 51),
(15316, 'Heat', 'Clippers', 129, 53),
(15317, 'Heat', 'Knicks', 103, 158),
(15318, 'Heat', 'Timberwolves', 51, 140),
(15319, 'Heat', 'Celtics', 97, 90),
(15320, 'Heat', '76ers', 104, 127),
(15321, 'Heat', 'Nets', 155, 100),
(15322, 'Heat', 'Pistons', 87, 58),
(15323, 'Heat', 'Cavaliers', 97, 115),
(15324, 'Heat', 'Pacers', 115, 108),
(15325, 'Heat', 'Bulls', 115, 134),
(15326, 'Heat', 'Bucks', 90, 118),
(15327, 'Heat', 'Magic', 91, 106),
(15328, 'Heat', 'Wizards', 59, 143),
(15329, 'Heat', 'Hawks', 138, 59),
(15330, 'Heat', 'Bobcats', 60, 157),
(15331, 'Heat', 'Jazz', 73, 134),
(15332, 'Heat', 'Nuggets', 106, 103),
(15333, 'Heat', 'Trail Blazers', 125, 120),
(15334, 'Heat', 'Supersonics', 79, 90),
(15335, 'Heat', 'Warriors', 136, 87),
(15336, 'Heat', 'Kings', 101, 68),
(15337, 'Heat', 'Hornets', 101, 80),
(15338, 'Heat', 'Spurs', 151, 73),
(15339, 'Heat', 'Rockets', 86, 51),
(15340, 'Heat', 'Mavericks', 55, 64),
(15341, 'Heat', 'Suns', 52, 147),
(15342, 'Jazz', 'Raptors', 143, 119),
(15343, 'Jazz', 'Lakers', 155, 151),
(15344, 'Jazz', 'Grizzlies', 89, 107),
(15345, 'Jazz', 'Clippers', 86, 155),
(15346, 'Jazz', 'Knicks', 62, 154),
(15347, 'Jazz', 'Timberwolves', 72, 54),
(15348, 'Jazz', 'Celtics', 54, 156),
(15349, 'Jazz', '76ers', 56, 55),
(15350, 'Jazz', 'Nets', 106, 75),
(15351, 'Jazz', 'Pistons', 99, 119),
(15352, 'Jazz', 'Cavaliers', 128, 55),
(15353, 'Jazz', 'Pacers', 158, 82),
(15354, 'Jazz', 'Bulls', 67, 123),
(15355, 'Jazz', 'Bucks', 105, 139),
(15356, 'Jazz', 'Magic', 111, 134),
(15357, 'Jazz', 'Wizards', 110, 149),
(15358, 'Jazz', 'Hawks', 148, 74),
(15359, 'Jazz', 'Bobcats', 56, 55),
(15360, 'Jazz', 'Heat', 131, 62),
(15361, 'Jazz', 'Nuggets', 85, 124),
(15362, 'Jazz', 'Trail Blazers', 142, 53),
(15363, 'Jazz', 'Supersonics', 69, 114),
(15364, 'Jazz', 'Warriors', 154, 106),
(15365, 'Jazz', 'Kings', 104, 104),
(15366, 'Jazz', 'Hornets', 147, 151),
(15367, 'Jazz', 'Spurs', 141, 53),
(15368, 'Jazz', 'Rockets', 148, 89),
(15369, 'Jazz', 'Mavericks', 97, 136),
(15370, 'Jazz', 'Suns', 71, 156),
(15371, 'Nuggets', 'Raptors', 92, 137),
(15372, 'Nuggets', 'Lakers', 137, 102),
(15373, 'Nuggets', 'Grizzlies', 63, 61),
(15374, 'Nuggets', 'Clippers', 121, 150),
(15375, 'Nuggets', 'Knicks', 58, 123),
(15376, 'Nuggets', 'Timberwolves', 147, 122),
(15377, 'Nuggets', 'Celtics', 125, 108),
(15378, 'Nuggets', '76ers', 100, 127),
(15379, 'Nuggets', 'Nets', 110, 72),
(15380, 'Nuggets', 'Pistons', 151, 67),
(15381, 'Nuggets', 'Cavaliers', 149, 79),
(15382, 'Nuggets', 'Pacers', 111, 51),
(15383, 'Nuggets', 'Bulls', 87, 84),
(15384, 'Nuggets', 'Bucks', 123, 67),
(15385, 'Nuggets', 'Magic', 126, 56),
(15386, 'Nuggets', 'Wizards', 69, 123),
(15387, 'Nuggets', 'Hawks', 89, 131),
(15388, 'Nuggets', 'Bobcats', 96, 83),
(15389, 'Nuggets', 'Heat', 116, 133),
(15390, 'Nuggets', 'Jazz', 80, 78),
(15391, 'Nuggets', 'Trail Blazers', 95, 111),
(15392, 'Nuggets', 'Supersonics', 100, 72),
(15393, 'Nuggets', 'Warriors', 86, 136),
(15394, 'Nuggets', 'Kings', 62, 109),
(15395, 'Nuggets', 'Hornets', 129, 122),
(15396, 'Nuggets', 'Spurs', 116, 150),
(15397, 'Nuggets', 'Rockets', 72, 119),
(15398, 'Nuggets', 'Mavericks', 124, 158),
(15399, 'Nuggets', 'Suns', 90, 79),
(15400, 'Trail Blazers', 'Raptors', 126, 99),
(15401, 'Trail Blazers', 'Lakers', 126, 90),
(15402, 'Trail Blazers', 'Grizzlies', 80, 80),
(15403, 'Trail Blazers', 'Clippers', 140, 96),
(15404, 'Trail Blazers', 'Knicks', 58, 78),
(15405, 'Trail Blazers', 'Timberwolves', 152, 67),
(15406, 'Trail Blazers', 'Celtics', 151, 134),
(15407, 'Trail Blazers', '76ers', 103, 106),
(15408, 'Trail Blazers', 'Nets', 61, 133),
(15409, 'Trail Blazers', 'Pistons', 68, 129),
(15410, 'Trail Blazers', 'Cavaliers', 153, 56),
(15411, 'Trail Blazers', 'Pacers', 61, 132),
(15412, 'Trail Blazers', 'Bulls', 121, 141),
(15413, 'Trail Blazers', 'Bucks', 82, 146),
(15414, 'Trail Blazers', 'Magic', 94, 95),
(15415, 'Trail Blazers', 'Wizards', 86, 122),
(15416, 'Trail Blazers', 'Hawks', 118, 81),
(15417, 'Trail Blazers', 'Bobcats', 88, 51),
(15418, 'Trail Blazers', 'Heat', 120, 86),
(15419, 'Trail Blazers', 'Jazz', 73, 117),
(15420, 'Trail Blazers', 'Nuggets', 97, 92),
(15421, 'Trail Blazers', 'Supersonics', 51, 113),
(15422, 'Trail Blazers', 'Warriors', 132, 158),
(15423, 'Trail Blazers', 'Kings', 126, 83),
(15424, 'Trail Blazers', 'Hornets', 102, 91),
(15425, 'Trail Blazers', 'Spurs', 61, 119),
(15426, 'Trail Blazers', 'Rockets', 64, 135),
(15427, 'Trail Blazers', 'Mavericks', 60, 77),
(15428, 'Trail Blazers', 'Suns', 129, 152),
(15429, 'Supersonics', 'Raptors', 58, 82),
(15430, 'Supersonics', 'Lakers', 146, 138),
(15431, 'Supersonics', 'Grizzlies', 119, 82),
(15432, 'Supersonics', 'Clippers', 63, 124),
(15433, 'Supersonics', 'Knicks', 109, 78),
(15434, 'Supersonics', 'Timberwolves', 97, 89),
(15435, 'Supersonics', 'Celtics', 150, 62),
(15436, 'Supersonics', '76ers', 64, 128),
(15437, 'Supersonics', 'Nets', 129, 83),
(15438, 'Supersonics', 'Pistons', 151, 98),
(15439, 'Supersonics', 'Cavaliers', 99, 128),
(15440, 'Supersonics', 'Pacers', 77, 58),
(15441, 'Supersonics', 'Bulls', 53, 136),
(15442, 'Supersonics', 'Bucks', 138, 78),
(15443, 'Supersonics', 'Magic', 62, 152),
(15444, 'Supersonics', 'Wizards', 101, 77),
(15445, 'Supersonics', 'Hawks', 100, 66),
(15446, 'Supersonics', 'Bobcats', 81, 127),
(15447, 'Supersonics', 'Heat', 125, 151),
(15448, 'Supersonics', 'Jazz', 140, 124),
(15449, 'Supersonics', 'Nuggets', 70, 93),
(15450, 'Supersonics', 'Trail Blazers', 137, 148),
(15451, 'Supersonics', 'Warriors', 87, 125),
(15452, 'Supersonics', 'Kings', 141, 80),
(15453, 'Supersonics', 'Hornets', 50, 117),
(15454, 'Supersonics', 'Spurs', 114, 122),
(15455, 'Supersonics', 'Rockets', 66, 108),
(15456, 'Supersonics', 'Mavericks', 56, 146),
(15457, 'Supersonics', 'Suns', 144, 102),
(15458, 'Warriors', 'Raptors', 67, 50),
(15459, 'Warriors', 'Lakers', 110, 115),
(15460, 'Warriors', 'Grizzlies', 110, 138),
(15461, 'Warriors', 'Clippers', 88, 130),
(15462, 'Warriors', 'Knicks', 132, 119),
(15463, 'Warriors', 'Timberwolves', 147, 90),
(15464, 'Warriors', 'Celtics', 94, 84),
(15465, 'Warriors', '76ers', 70, 127),
(15466, 'Warriors', 'Nets', 148, 103),
(15467, 'Warriors', 'Pistons', 148, 64),
(15468, 'Warriors', 'Cavaliers', 72, 61),
(15469, 'Warriors', 'Pacers', 130, 136),
(15470, 'Warriors', 'Bulls', 149, 70),
(15471, 'Warriors', 'Bucks', 72, 107),
(15472, 'Warriors', 'Magic', 112, 142),
(15473, 'Warriors', 'Wizards', 106, 157),
(15474, 'Warriors', 'Hawks', 84, 110),
(15475, 'Warriors', 'Bobcats', 139, 51),
(15476, 'Warriors', 'Heat', 118, 121),
(15477, 'Warriors', 'Jazz', 122, 85),
(15478, 'Warriors', 'Nuggets', 99, 63),
(15479, 'Warriors', 'Trail Blazers', 121, 90),
(15480, 'Warriors', 'Supersonics', 106, 116),
(15481, 'Warriors', 'Kings', 100, 101),
(15482, 'Warriors', 'Hornets', 148, 119),
(15483, 'Warriors', 'Spurs', 158, 73),
(15484, 'Warriors', 'Rockets', 147, 74),
(15485, 'Warriors', 'Mavericks', 142, 63),
(15486, 'Warriors', 'Suns', 53, 108),
(15487, 'Kings', 'Raptors', 52, 103),
(15488, 'Kings', 'Lakers', 98, 156),
(15489, 'Kings', 'Grizzlies', 146, 112),
(15490, 'Kings', 'Clippers', 98, 98),
(15491, 'Kings', 'Knicks', 86, 155),
(15492, 'Kings', 'Timberwolves', 87, 137),
(15493, 'Kings', 'Celtics', 81, 72),
(15494, 'Kings', '76ers', 108, 127),
(15495, 'Kings', 'Nets', 91, 129),
(15496, 'Kings', 'Pistons', 138, 114),
(15497, 'Kings', 'Cavaliers', 148, 155),
(15498, 'Kings', 'Pacers', 154, 147),
(15499, 'Kings', 'Bulls', 52, 129),
(15500, 'Kings', 'Bucks', 111, 122),
(15501, 'Kings', 'Magic', 74, 145),
(15502, 'Kings', 'Wizards', 62, 76),
(15503, 'Kings', 'Hawks', 51, 71),
(15504, 'Kings', 'Bobcats', 85, 84),
(15505, 'Kings', 'Heat', 145, 109),
(15506, 'Kings', 'Jazz', 126, 71),
(15507, 'Kings', 'Nuggets', 103, 74),
(15508, 'Kings', 'Trail Blazers', 90, 82),
(15509, 'Kings', 'Supersonics', 65, 121),
(15510, 'Kings', 'Warriors', 67, 151),
(15511, 'Kings', 'Hornets', 102, 75),
(15512, 'Kings', 'Spurs', 153, 82),
(15513, 'Kings', 'Rockets', 96, 101),
(15514, 'Kings', 'Mavericks', 72, 135),
(15515, 'Kings', 'Suns', 93, 98),
(15516, 'Hornets', 'Raptors', 143, 100),
(15517, 'Hornets', 'Lakers', 135, 86),
(15518, 'Hornets', 'Grizzlies', 84, 141),
(15519, 'Hornets', 'Clippers', 112, 96),
(15520, 'Hornets', 'Knicks', 146, 148),
(15521, 'Hornets', 'Timberwolves', 93, 68),
(15522, 'Hornets', 'Celtics', 76, 88),
(15523, 'Hornets', '76ers', 125, 114),
(15524, 'Hornets', 'Nets', 88, 67),
(15525, 'Hornets', 'Pistons', 63, 154),
(15526, 'Hornets', 'Cavaliers', 102, 82),
(15527, 'Hornets', 'Pacers', 88, 120),
(15528, 'Hornets', 'Bulls', 113, 132),
(15529, 'Hornets', 'Bucks', 151, 80),
(15530, 'Hornets', 'Magic', 139, 141),
(15531, 'Hornets', 'Wizards', 108, 65),
(15532, 'Hornets', 'Hawks', 97, 120),
(15533, 'Hornets', 'Bobcats', 96, 136),
(15534, 'Hornets', 'Heat', 137, 144),
(15535, 'Hornets', 'Jazz', 62, 155),
(15536, 'Hornets', 'Nuggets', 133, 131),
(15537, 'Hornets', 'Trail Blazers', 89, 129),
(15538, 'Hornets', 'Supersonics', 74, 98),
(15539, 'Hornets', 'Warriors', 88, 140),
(15540, 'Hornets', 'Kings', 153, 96),
(15541, 'Hornets', 'Spurs', 66, 92),
(15542, 'Hornets', 'Rockets', 122, 88),
(15543, 'Hornets', 'Mavericks', 95, 132),
(15544, 'Hornets', 'Suns', 90, 50),
(15545, 'Spurs', 'Raptors', 85, 122),
(15546, 'Spurs', 'Lakers', 154, 114),
(15547, 'Spurs', 'Grizzlies', 140, 117),
(15548, 'Spurs', 'Clippers', 154, 78),
(15549, 'Spurs', 'Knicks', 56, 106),
(15550, 'Spurs', 'Timberwolves', 127, 141),
(15551, 'Spurs', 'Celtics', 54, 115),
(15552, 'Spurs', '76ers', 118, 148),
(15553, 'Spurs', 'Nets', 123, 105),
(15554, 'Spurs', 'Pistons', 136, 157),
(15555, 'Spurs', 'Cavaliers', 146, 129),
(15556, 'Spurs', 'Pacers', 138, 64),
(15557, 'Spurs', 'Bulls', 63, 75),
(15558, 'Spurs', 'Bucks', 142, 119),
(15559, 'Spurs', 'Magic', 56, 87),
(15560, 'Spurs', 'Wizards', 156, 58),
(15561, 'Spurs', 'Hawks', 106, 148),
(15562, 'Spurs', 'Bobcats', 133, 112),
(15563, 'Spurs', 'Heat', 125, 119),
(15564, 'Spurs', 'Jazz', 59, 84),
(15565, 'Spurs', 'Nuggets', 114, 137),
(15566, 'Spurs', 'Trail Blazers', 73, 83),
(15567, 'Spurs', 'Supersonics', 133, 60),
(15568, 'Spurs', 'Warriors', 64, 92),
(15569, 'Spurs', 'Kings', 75, 135),
(15570, 'Spurs', 'Hornets', 63, 108),
(15571, 'Spurs', 'Rockets', 124, 57),
(15572, 'Spurs', 'Mavericks', 116, 82),
(15573, 'Spurs', 'Suns', 153, 134),
(15574, 'Rockets', 'Raptors', 71, 122),
(15575, 'Rockets', 'Lakers', 127, 71),
(15576, 'Rockets', 'Grizzlies', 54, 157),
(15577, 'Rockets', 'Clippers', 95, 81),
(15578, 'Rockets', 'Knicks', 93, 83),
(15579, 'Rockets', 'Timberwolves', 107, 157),
(15580, 'Rockets', 'Celtics', 100, 142),
(15581, 'Rockets', '76ers', 151, 150),
(15582, 'Rockets', 'Nets', 99, 135),
(15583, 'Rockets', 'Pistons', 125, 77),
(15584, 'Rockets', 'Cavaliers', 151, 76),
(15585, 'Rockets', 'Pacers', 152, 141),
(15586, 'Rockets', 'Bulls', 89, 115),
(15587, 'Rockets', 'Bucks', 66, 118),
(15588, 'Rockets', 'Magic', 157, 155),
(15589, 'Rockets', 'Wizards', 107, 81),
(15590, 'Rockets', 'Hawks', 145, 156),
(15591, 'Rockets', 'Bobcats', 132, 60),
(15592, 'Rockets', 'Heat', 75, 135),
(15593, 'Rockets', 'Jazz', 150, 60),
(15594, 'Rockets', 'Nuggets', 52, 87),
(15595, 'Rockets', 'Trail Blazers', 130, 99),
(15596, 'Rockets', 'Supersonics', 132, 148),
(15597, 'Rockets', 'Warriors', 157, 66),
(15598, 'Rockets', 'Kings', 115, 138),
(15599, 'Rockets', 'Hornets', 73, 141),
(15600, 'Rockets', 'Spurs', 123, 103),
(15601, 'Rockets', 'Mavericks', 128, 154),
(15602, 'Rockets', 'Suns', 122, 128),
(15603, 'Mavericks', 'Raptors', 127, 71),
(15604, 'Mavericks', 'Lakers', 116, 67),
(15605, 'Mavericks', 'Grizzlies', 134, 56),
(15606, 'Mavericks', 'Clippers', 53, 61),
(15607, 'Mavericks', 'Knicks', 117, 138),
(15608, 'Mavericks', 'Timberwolves', 72, 103),
(15609, 'Mavericks', 'Celtics', 152, 115),
(15610, 'Mavericks', '76ers', 136, 70),
(15611, 'Mavericks', 'Nets', 130, 138),
(15612, 'Mavericks', 'Pistons', 117, 104),
(15613, 'Mavericks', 'Cavaliers', 120, 135),
(15614, 'Mavericks', 'Pacers', 137, 150),
(15615, 'Mavericks', 'Bulls', 132, 119),
(15616, 'Mavericks', 'Bucks', 53, 68),
(15617, 'Mavericks', 'Magic', 100, 95),
(15618, 'Mavericks', 'Wizards', 70, 97),
(15619, 'Mavericks', 'Hawks', 131, 109),
(15620, 'Mavericks', 'Bobcats', 63, 150),
(15621, 'Mavericks', 'Heat', 114, 90),
(15622, 'Mavericks', 'Jazz', 139, 112),
(15623, 'Mavericks', 'Nuggets', 124, 65),
(15624, 'Mavericks', 'Trail Blazers', 116, 65),
(15625, 'Mavericks', 'Supersonics', 92, 59),
(15626, 'Mavericks', 'Warriors', 143, 92),
(15627, 'Mavericks', 'Kings', 150, 142),
(15628, 'Mavericks', 'Hornets', 127, 123),
(15629, 'Mavericks', 'Spurs', 141, 60),
(15630, 'Mavericks', 'Rockets', 73, 119),
(15631, 'Mavericks', 'Suns', 127, 96),
(15632, 'Suns', 'Raptors', 121, 82),
(15633, 'Suns', 'Lakers', 59, 105),
(15634, 'Suns', 'Grizzlies', 59, 78),
(15635, 'Suns', 'Clippers', 124, 99),
(15636, 'Suns', 'Knicks', 71, 78),
(15637, 'Suns', 'Timberwolves', 146, 104),
(15638, 'Suns', 'Celtics', 93, 150),
(15639, 'Suns', '76ers', 91, 142),
(15640, 'Suns', 'Nets', 62, 133),
(15641, 'Suns', 'Pistons', 67, 141),
(15642, 'Suns', 'Cavaliers', 91, 102),
(15643, 'Suns', 'Pacers', 127, 86),
(15644, 'Suns', 'Bulls', 123, 98),
(15645, 'Suns', 'Bucks', 100, 90),
(15646, 'Suns', 'Magic', 50, 104),
(15647, 'Suns', 'Wizards', 103, 158),
(15648, 'Suns', 'Hawks', 71, 150),
(15649, 'Suns', 'Bobcats', 102, 104),
(15650, 'Suns', 'Heat', 106, 130),
(15651, 'Suns', 'Jazz', 151, 128),
(15652, 'Suns', 'Nuggets', 102, 75),
(15653, 'Suns', 'Trail Blazers', 111, 129),
(15654, 'Suns', 'Supersonics', 150, 123),
(15655, 'Suns', 'Warriors', 61, 128),
(15656, 'Suns', 'Kings', 89, 92),
(15657, 'Suns', 'Hornets', 68, 65),
(15658, 'Suns', 'Spurs', 105, 157),
(15659, 'Suns', 'Rockets', 105, 57),
(15660, 'Suns', 'Mavericks', 69, 144);

--
-- ndices para tablas volcadas
--

--
-- Indices de la tabla `equipos`
--
ALTER TABLE `equipos`
  ADD PRIMARY KEY (`Nombre`);

--
-- Indices de la tabla `jugadores`
--
ALTER TABLE `jugadores`
  ADD PRIMARY KEY (`codigo`),
  ADD KEY `Nombre_equipo` (`Nombre_equipo`);

--
-- Indices de la tabla `partidos`
--
ALTER TABLE `partidos`
  ADD PRIMARY KEY (`codigo`),
  ADD KEY `equipo_local` (`equipo_local`),
  ADD KEY `equipo_visitante` (`equipo_visitante`);

--
-- Restricciones para tablas volcadas
--

--
-- Filtros para la tabla `jugadores`
--
ALTER TABLE `jugadores`
  ADD CONSTRAINT `jugadores_ibfk_1` FOREIGN KEY (`Nombre_equipo`) REFERENCES `equipos` (`Nombre`);

--
-- Filtros para la tabla `partidos`
--
ALTER TABLE `partidos`
  ADD CONSTRAINT `partidos_ibfk_1` FOREIGN KEY (`equipo_local`) REFERENCES `equipos` (`Nombre`),
  ADD CONSTRAINT `partidos_ibfk_2` FOREIGN KEY (`equipo_visitante`) REFERENCES `equipos` (`Nombre`);
COMMIT;

/*!40101 SET CHARACTER_SET_CLIENT=@OLD_CHARACTER_SET_CLIENT */;
/*!40101 SET CHARACTER_SET_RESULTS=@OLD_CHARACTER_SET_RESULTS */;
/*!40101 SET COLLATION_CONNECTION=@OLD_COLLATION_CONNECTION */;
